battery_percentage,distance,total_chargers,occupied_chargers,queue_length,charging_speed,wait_time
11,0.1513,6,0,0,60,0
11,0.1888,4,0,0,60,0
11,0.1631,5,0,0,60,0
11,0.1317,3,0,0,60,0
11,0.0713,8,0,0,60,0
18,0.0223,6,0,0,60,0
18,0.0801,4,0,0,60,0
18,0.0676,5,0,0,60,0
18,0.0149,3,0,0,60,0
18,0.1422,8,1,0,60,0
11,0.1582,6,1,0,60,0
11,0.2159,4,0,0,60,0
11,0.2015,5,0,0,60,0
11,0.1428,3,0,0,60,0
11,0.0906,8,1,0,60,0
54,0.128,6,1,0,60,0
54,0.1842,4,0,0,60,0
54,0.1653,5,0,0,60,0
54,0.1088,3,0,0,60,0
54,0.0495,8,2,0,60,0
47,0.0795,6,1,0,60,0
47,0.1279,4,0,0,60,0
47,0.1054,5,0,0,60,0
47,0.0586,3,0,0,60,0
47,0.0842,8,3,0,60,0
37,0.0793,6,2,0,60,0
37,0.0567,4,0,0,60,0
37,0.0385,5,0,0,60,0
37,0.0841,3,0,0,60,0
37,0.1944,8,3,0,60,0
7,0.1086,6,2,0,60,0
7,0.1317,4,0,0,60,0
7,0.1414,5,1,0,60,0
7,0.12,3,0,0,60,0
7,0.2239,8,3,0,60,0
38,0.1245,6,3,0,60,0
38,0.1533,4,0,0,60,0
38,0.1272,5,1,0,60,0
38,0.1074,3,0,0,60,0
38,0.1025,8,3,0,60,0
11,0.1277,6,3,0,60,0
11,0.1771,4,0,0,60,0
11,0.1541,5,1,0,60,0
11,0.1067,3,0,0,60,0
11,0.0362,8,4,0,60,0
46,0.1464,6,3,0,60,0
46,0.1867,4,0,0,60,0
46,0.1614,5,1,0,60,0
46,0.1263,3,0,0,60,0
46,0.0604,8,5,0,60,0
46,0.0733,6,3,0,60,0
46,0.1223,4,0,0,60,0
46,0.1188,5,1,0,60,0
46,0.0729,3,0,0,60,0
46,0.1564,8,6,0,60,0
5,0.1711,6,3,0,60,0
5,0.2283,4,0,0,60,0
5,0.2108,5,2,0,60,0
5,0.1532,3,0,0,60,0
5,0.0643,8,6,0,60,0
37,0.1614,6,3,0,60,0
37,0.1923,4,0,0,60,0
37,0.1662,5,2,0,60,0
37,0.1432,3,0,0,60,0
37,0.0961,8,7,0,60,0
41,0.0762,6,3,0,60,0
41,0.072,4,1,0,60,0
41,0.089,5,2,0,60,0
41,0.0956,3,0,0,60,0
41,0.2286,8,7,0,60,0
21,0.1538,6,3,0,60,0
21,0.207,4,2,0,60,0
21,0.1856,5,2,0,60,0
21,0.1333,3,0,0,60,0
21,0.0145,8,7,0,60,0
25,0.036,6,3,0,60,0
25,0.0831,4,2,0,60,0
25,0.0798,5,2,0,60,0
25,0.0433,3,0,0,60,0
25,0.1632,8,8,0,60,15
40,0.1111,6,4,0,60,0
40,0.1685,4,2,0,60,0
40,0.1561,5,2,0,60,0
40,0.0979,3,0,0,60,0
40,0.1028,8,8,0,60,15
49,0.1622,6,4,0,60,0
49,0.2075,4,2,0,60,0
49,0.1831,5,2,0,60,0
49,0.1414,3,1,0,60,0
49,0.0368,8,8,0,60,15
30,0.0472,6,4,0,60,0
30,0.0568,4,2,0,60,0
30,0.0308,5,3,0,60,0
30,0.0472,3,1,0,60,0
30,0.1625,8,8,0,60,15
26,0.0905,6,4,0,60,0
26,0.1045,4,2,0,60,0
26,0.0787,5,4,0,60,0
26,0.0803,3,1,0,60,0
26,0.1424,8,8,0,60,15
68,0.0637,6,4,0,60,0
68,0.0534,4,2,0,60,0
68,0.0295,5,4,0,60,0
68,0.067,3,2,0,60,0
68,0.1795,8,8,0,60,15
18,0.0959,6,4,0,60,0
18,0.1117,4,3,0,60,0
18,0.0858,5,4,0,60,0
18,0.0846,3,2,0,60,0
18,0.1381,8,8,0,60,15
8,0.0795,6,5,0,60,0
8,0.1056,4,3,0,60,0
8,0.0796,5,4,0,60,0
8,0.0655,3,2,0,60,0
8,0.1242,8,8,0,60,15
11,0.0503,6,5,0,60,0
11,0.1081,4,3,0,60,0
11,0.0946,5,4,0,60,0
11,0.0367,3,3,0,60,15
11,0.1209,8,8,0,60,15
58,0.0691,6,6,0,60,15
58,0.1133,4,3,0,60,0
58,0.1126,5,4,0,60,0
58,0.073,3,3,0,60,15
58,0.169,8,8,0,60,15
15,0.083,6,6,0,60,15
15,0.064,4,3,0,60,0
15,0.0446,5,5,0,60,15
15,0.0861,3,3,0,60,15
15,0.1911,8,8,0,60,15
78,0.1911,6,6,0,60,15
78,0.2488,4,4,0,60,15
78,0.2336,5,5,0,60,15
78,0.175,3,3,0,60,15
78,0.0976,8,8,0,60,15
21,0.154,6,6,0,60,15
21,0.2114,4,4,0,60,15
21,0.1946,5,5,0,60,15
21,0.1365,3,3,0,60,15
21,0.066,8,8,1,60,15
54,0.0749,6,6,0,60,15
54,0.0189,4,4,0,60,15
54,0.0346,5,5,0,60,15
54,0.0909,3,3,0,60,15
54,0.2241,8,8,2,60,15
75,0.1229,6,6,0,60,15
75,0.1762,4,4,1,60,15
75,0.1695,5,5,0,60,15
75,0.1159,3,3,0,60,15
75,0.1425,8,8,2,60,15
34,0.1048,6,6,0,60,15
34,0.1471,4,4,1,60,15
34,0.1225,5,5,0,60,15
34,0.0847,3,3,1,60,15
34,0.0738,8,8,2,60,15
37,0.0703,6,6,0,60,15
37,0.1253,4,4,1,60,15
37,0.1062,5,5,0,60,15
37,0.0503,3,3,1,60,15
37,0.091,8,8,3,60,15
19,0.0813,6,6,0,60,15
19,0.1035,4,4,1,60,15
19,0.0774,5,5,0,60,15
19,0.0688,3,3,2,60,15
19,0.1304,8,8,3,60,15
19,0.0821,6,6,0,60,15
19,0.0249,4,4,1,60,15
19,0.0425,5,5,0,60,15
19,0.0985,3,3,3,60,45
19,0.232,8,8,3,60,15
36,0.0623,6,6,0,60,15
36,0.0454,4,4,2,60,15
36,0.0642,5,5,0,60,15
36,0.0831,3,3,3,60,45
36,0.2215,8,8,3,60,15
15,0.0926,6,0,0,60,0
15,0.0496,4,0,0,60,0
15,0.046,5,0,0,60,0
15,0.1028,3,0,0,60,0
15,0.2224,8,0,0,60,0
41,0.1013,6,1,0,60,0
41,0.1587,4,0,0,60,0
41,0.1465,5,0,0,60,0
41,0.0884,3,0,0,60,0
41,0.1053,8,0,0,60,0
40,0.0459,6,1,0,60,0
40,0.0127,4,0,0,60,0
40,0.0171,5,0,0,60,0
40,0.0628,3,0,0,60,0
40,0.1992,8,1,0,60,0
37,0.1275,6,1,0,60,0
37,0.1842,4,0,0,60,0
37,0.1661,5,1,0,60,0
37,0.1089,3,0,0,60,0
37,0.0555,8,1,0,60,0
49,0.0522,6,1,0,60,0
49,0.0056,4,0,0,60,0
49,0.0227,5,1,0,60,0
49,0.0698,3,0,0,60,0
49,0.2066,8,2,0,60,0
5,0.1442,6,2,0,60,0
5,0.1871,4,0,0,60,0
5,0.1623,5,1,0,60,0
5,0.1236,3,0,0,60,0
5,0.0499,8,2,0,60,0
9,0.0559,6,2,0,60,0
9,0.0306,4,0,0,60,0
9,0.0103,5,1,0,60,0
9,0.0662,3,0,0,60,0
9,0.1927,8,3,0,60,0
13,0.1086,6,2,0,60,0
13,0.1451,4,0,0,60,0
13,0.149,5,2,0,60,0
13,0.1143,3,0,0,60,0
13,0.1986,8,3,0,60,0
33,0.1069,6,3,0,60,0
33,0.1601,4,0,0,60,0
33,0.1535,5,2,0,60,0
33,0.1005,3,0,0,60,0
33,0.1408,8,3,0,60,0
65,0.1546,6,3,0,60,0
65,0.2122,4,0,0,60,0
65,0.1959,5,2,0,60,0
65,0.1375,3,0,0,60,0
65,0.0714,8,4,0,60,0
56,0.1487,6,3,0,60,0
56,0.1806,4,0,0,60,0
56,0.1546,5,2,0,60,0
56,0.1303,3,0,0,60,0
56,0.0911,8,5,0,60,0
9,0.0593,6,3,0,60,0
9,0.108,4,0,0,60,0
9,0.0862,5,2,0,60,0
9,0.0385,3,0,0,60,0
9,0.1039,8,6,0,60,0
18,0.1458,6,3,0,60,0
18,0.2031,4,0,0,60,0
18,0.1908,5,2,0,60,0
18,0.1325,3,1,0,60,0
18,0.106,8,6,0,60,0
38,0.0875,6,4,0,60,0
38,0.0407,4,0,0,60,0
38,0.041,5,2,0,60,0
38,0.0993,3,1,0,60,0
38,0.2234,8,6,0,60,0
33,0.1424,6,4,0,60,0
33,0.1863,4,1,0,60,0
33,0.1617,5,2,0,60,0
33,0.1217,3,1,0,60,0
33,0.0464,8,6,0,60,0
46,0.0648,6,4,0,60,0
46,0.0214,4,1,0,60,0
46,0.0461,5,2,0,60,0
46,0.0848,3,1,0,60,0
46,0.2241,8,7,0,60,0
11,0.0956,6,4,0,60,0
11,0.1534,4,2,0,60,0
11,0.1396,5,2,0,60,0
11,0.081,3,1,0,60,0
11,0.097,8,7,0,60,0
5,0.0576,6,4,0,60,0
5,0.0865,4,2,0,60,0
5,0.0919,5,2,0,60,0
5,0.0707,3,2,0,60,0
5,0.1913,8,7,0,60,0
7,0.0459,6,4,0,60,0
7,0.0818,4,2,0,60,0
7,0.0578,5,3,0,60,0
7,0.0321,3,2,0,60,0
7,0.132,8,7,0,60,0
27,0.088,6,5,0,60,0
27,0.1435,4,2,0,60,0
27,0.1246,5,3,0,60,0
27,0.0684,3,2,0,60,0
27,0.0756,8,7,0,60,0
16,0.0288,6,5,0,60,0
16,0.0691,4,2,0,60,0
16,0.0679,5,3,0,60,0
16,0.0428,3,3,0,60,15
16,0.1726,8,7,0,60,0
42,0.1117,6,5,0,60,0
42,0.167,4,2,0,60,0
42,0.1474,5,4,0,60,0
42,0.0919,3,3,0,60,15
42,0.0542,8,7,0,60,0
13,0.0562,6,5,0,60,0
13,0.0808,4,2,0,60,0
13,0.0876,5,4,0,60,0
13,0.071,3,3,0,60,15
13,0.1953,8,8,0,60,15
47,0.0813,6,5,0,60,0
47,0.1156,4,3,0,60,0
47,0.1199,5,4,0,60,0
47,0.0897,3,3,0,60,15
47,0.1919,8,8,0,60,15
41,0.0421,6,6,0,60,15
41,0.0658,4,3,0,60,0
41,0.0408,5,4,0,60,0
41,0.0368,3,3,0,60,15
41,0.1498,8,8,0,60,15
51,0.0708,6,6,0,60,15
51,0.1284,4,3,0,60,0
51,0.1158,5,5,0,60,15
51,0.058,3,3,0,60,15
51,0.1132,8,8,0,60,15
49,0.0648,6,6,0,60,15
49,0.1109,4,4,0,60,15
49,0.109,5,5,0,60,15
49,0.0678,3,3,0,60,15
49,0.1643,8,8,0,60,15
37,0.0939,6,6,1,60,15
37,0.1491,4,4,0,60,15
37,0.1297,5,5,0,60,15
37,0.0741,3,3,0,60,15
37,0.0694,8,8,0,60,15
31,0.0854,6,6,1,60,15
31,0.1418,4,4,0,60,15
31,0.1316,5,5,0,60,15
31,0.0753,3,3,0,60,15
31,0.1206,8,8,1,60,15
14,0.09,6,6,1,60,15
14,0.1478,4,4,0,60,15
14,0.1334,5,5,0,60,15
14,0.0747,3,3,1,60,15
14,0.0956,8,8,1,60,15
80,0.1187,6,6,1,60,15
80,0.1759,4,4,0,60,15
80,0.1639,5,5,0,60,15
80,0.1058,3,3,2,60,15
80,0.1049,8,8,1,60,15
18,0.1588,6,6,1,60,15
18,0.2029,4,4,0,60,15
18,0.1782,5,5,0,60,15
18,0.1381,3,3,2,60,15
18,0.0426,8,8,2,60,15
37,0.1256,6,6,1,60,15
37,0.1748,4,4,0,60,15
37,0.1518,5,5,0,60,15
37,0.1046,3,3,2,60,15
37,0.0385,8,8,3,60,15
35,0.0693,6,6,1,60,15
35,0.0973,4,4,0,60,15
35,0.1038,5,5,0,60,15
35,0.0816,3,3,2,60,15
35,0.1969,8,8,4,60,15
48,0.117,6,6,2,60,15
48,0.1363,4,4,0,60,15
48,0.1104,5,5,0,60,15
48,0.1033,3,3,2,60,15
48,0.1279,8,8,4,60,15
12,0.0394,6,6,2,60,15
12,0.0717,4,4,0,60,15
12,0.0478,5,5,0,60,15
12,0.0299,3,3,3,60,45
12,0.1418,8,8,4,60,15
29,0.1028,6,0,0,60,0
29,0.1601,4,0,0,60,0
29,0.1435,5,0,0,60,0
29,0.0852,3,0,0,60,0
29,0.0767,8,0,0,60,0
35,0.1347,6,0,0,60,0
35,0.1901,4,0,0,60,0
35,0.1811,5,0,0,60,0
35,0.125,3,0,0,60,0
35,0.1294,8,1,0,60,0
20,0.047,6,0,0,60,0
20,0.1028,4,0,0,60,0
20,0.0852,5,0,0,60,0
20,0.0274,3,0,0,60,0
20,0.1141,8,2,0,60,0
36,0.1172,6,1,0,60,0
36,0.1698,4,0,0,60,0
36,0.1483,5,0,0,60,0
36,0.0965,3,0,0,60,0
36,0.0433,8,2,0,60,0
6,0.0502,6,1,0,60,0
6,0.1055,4,0,0,60,0
6,0.0875,5,0,0,60,0
6,0.0303,3,0,0,60,0
6,0.1108,8,3,0,60,0
8,0.1021,6,2,0,60,0
8,0.1418,4,0,0,60,0
8,0.144,5,0,0,60,0
8,0.1063,3,0,0,60,0
8,0.1883,8,3,0,60,0
37,0.0367,6,2,0,60,0
37,0.0395,4,0,0,60,0
37,0.0478,5,1,0,60,0
37,0.0576,3,0,0,60,0
37,0.1965,8,3,0,60,0
21,0.0669,6,3,0,60,0
21,0.1049,4,0,0,60,0
21,0.1071,5,1,0,60,0
21,0.0748,3,0,0,60,0
21,0.181,8,3,0,60,0
18,0.1646,6,3,0,60,0
18,0.2201,4,1,0,60,0
18,0.2004,5,1,0,60,0
18,0.145,3,0,0,60,0
18,0.0363,8,3,0,60,0
5,0.0558,6,3,0,60,0
5,0.0899,4,1,0,60,0
5,0.0651,5,1,0,60,0
5,0.041,3,0,0,60,0
5,0.1263,8,4,0,60,0
48,0.1322,6,3,0,60,0
48,0.1884,4,1,0,60,0
48,0.1783,5,2,0,60,0
48,0.1212,3,0,0,60,0
48,0.1203,8,4,0,60,0
31,0.1303,6,3,0,60,0
31,0.1836,4,1,0,60,0
31,0.1624,5,2,0,60,0
31,0.1098,3,0,0,60,0
31,0.0318,8,5,0,60,0
16,0.1306,6,3,0,60,0
16,0.1582,4,1,0,60,0
16,0.1321,5,2,0,60,0
16,0.1138,3,0,0,60,0
16,0.1054,8,6,0,60,0
17,0.0111,6,3,0,60,0
17,0.0606,4,1,0,60,0
17,0.0447,5,2,0,60,0
17,0.0147,3,1,0,60,0
17,0.1533,8,6,0,60,0
14,0.0494,6,4,0,60,0
14,0.0133,4,1,0,60,0
14,0.0308,5,2,0,60,0
14,0.0687,3,1,0,60,0
14,0.2074,8,6,0,60,0
18,0.1059,6,4,0,60,0
18,0.1505,4,2,0,60,0
18,0.1263,5,2,0,60,0
18,0.0854,3,1,0,60,0
18,0.0672,8,6,0,60,0
27,0.0163,6,4,0,60,0
27,0.065,4,2,0,60,0
27,0.0474,5,2,0,60,0
27,0.0114,3,1,0,60,0
27,0.1482,8,7,0,60,0
27,0.1383,6,4,0,60,0
27,0.1857,4,2,0,60,0
27,0.1619,5,3,0,60,0
27,0.1174,3,1,0,60,0
27,0.034,8,7,0,60,0
47,0.0944,6,4,0,60,0
47,0.0941,4,2,0,60,0
47,0.0702,5,3,0,60,0
47,0.0893,3,1,0,60,0
47,0.1665,8,8,0,60,15
16,0.0573,6,4,0,60,0
16,0.1131,4,2,0,60,0
16,0.1038,5,4,0,60,0
16,0.0501,3,1,0,60,0
16,0.1334,8,8,0,60,15
49,0.0256,6,4,0,60,0
49,0.0678,4,2,0,60,0
49,0.0472,5,4,0,60,0
49,0.0165,3,2,0,60,0
49,0.1441,8,8,0,60,15
10,0.0607,6,5,0,60,0
10,0.1121,4,2,0,60,0
10,0.0913,5,4,0,60,0
10,0.0397,3,2,0,60,0
10,0.1003,8,8,0,60,15
28,0.0984,6,5,0,60,0
28,0.1107,4,2,0,60,0
28,0.0851,5,4,0,60,0
28,0.0883,3,3,0,60,15
28,0.1445,8,8,0,60,15
29,0.1292,6,5,0,60,0
29,0.174,4,3,0,60,0
29,0.1496,5,4,0,60,0
29,0.1085,3,3,0,60,15
29,0.0497,8,8,0,60,15
44,0.0839,6,6,0,60,15
44,0.1278,4,3,0,60,0
44,0.1275,5,4,0,60,0
44,0.0867,3,3,0,60,15
44,0.1722,8,8,0,60,15
36,0.0821,6,6,0,60,15
36,0.1271,4,3,0,60,0
36,0.1261,5,5,0,60,15
36,0.0842,3,3,0,60,15
36,0.1689,8,8,0,60,15
11,0.0725,6,6,0,60,15
11,0.1062,4,4,0,60,15
11,0.0808,5,5,0,60,15
11,0.0561,3,3,0,60,15
11,0.1148,8,8,0,60,15
18,0.1312,6,6,0,60,15
18,0.1806,4,4,0,60,15
18,0.1576,5,5,0,60,15
18,0.1102,3,3,1,60,15
18,0.0328,8,8,0,60,15
49,0.0597,6,6,0,60,15
49,0.1175,4,4,0,60,15
49,0.104,5,5,0,60,15
49,0.0458,3,3,1,60,15
49,0.1153,8,8,1,60,15
9,0.1457,6,6,0,60,15
9,0.177,4,4,0,60,15
9,0.1509,5,5,0,60,15
9,0.1275,3,3,2,60,15
9,0.0931,8,8,1,60,15
28,0.0235,6,6,0,60,15
28,0.0808,4,4,0,60,15
28,0.0697,5,5,0,60,15
28,0.0193,3,3,2,60,15
28,0.1445,8,8,2,60,15
8,0.1441,6,6,0,60,15
8,0.2013,4,4,0,60,15
8,0.1892,5,5,0,60,15
8,0.1309,3,3,3,60,45
8,0.1068,8,8,2,60,15
55,0.1269,6,6,0,60,15
55,0.1529,4,4,0,60,15
55,0.1267,5,5,0,60,15
55,0.1106,3,3,3,60,45
55,0.1102,8,8,3,60,15
29,0.1051,6,6,0,60,15
29,0.1595,4,4,0,60,15
29,0.1393,5,5,0,60,15
29,0.0849,3,3,3,60,45
29,0.0574,8,8,4,60,15
25,0.0824,6,6,0,60,15
25,0.0808,4,4,0,60,15
25,0.0566,5,5,0,60,15
25,0.0792,3,3,3,60,45
25,0.1684,8,8,5,60,15
29,0.0399,6,6,0,60,15
29,0.0335,4,4,0,60,15
29,0.044,5,5,1,60,15
29,0.0608,3,3,3,60,45
29,0.2002,8,8,5,60,15
48,0.0842,6,6,0,60,15
48,0.1406,4,4,1,60,15
48,0.1304,5,5,1,60,15
48,0.0741,3,3,3,60,45
48,0.1209,8,8,5,60,15
17,0.0885,6,6,1,60,15
17,0.0367,4,4,1,60,15
17,0.0434,5,5,1,60,15
17,0.1021,3,3,3,60,45
17,0.2296,8,8,5,60,15
67,0.1057,6,6,1,60,15
67,0.1543,4,4,2,60,15
67,0.1513,5,5,1,60,15
67,0.1037,3,3,3,60,45
67,0.1622,8,8,5,60,15
62,0.0557,6,6,2,60,15
62,0.0978,4,4,2,60,15
62,0.0743,5,5,1,60,15
62,0.0372,3,3,3,60,45
62,0.1153,8,8,5,60,15
49,0.1118,6,6,3,60,15
49,0.1461,4,4,2,60,15
49,0.1203,5,5,1,60,15
49,0.0935,3,3,3,60,45
49,0.0912,8,8,5,60,15
24,0.0906,6,6,3,60,15
24,0.1337,4,4,2,60,15
24,0.134,5,5,1,60,15
24,0.0935,3,3,3,60,45
24,0.1761,8,8,6,60,15
10,0.0845,6,6,4,60,15
10,0.1336,4,4,2,60,15
10,0.1112,5,5,1,60,15
10,0.0636,3,3,3,60,45
10,0.0784,8,8,6,60,15
14,0.0575,6,6,4,60,15
14,0.0279,4,4,2,60,15
14,0.0485,5,5,1,60,15
14,0.0782,3,3,3,60,45
14,0.2178,8,8,7,60,15
15,0.0972,6,0,0,60,0
15,0.1478,4,0,0,60,0
15,0.1433,5,0,0,60,0
15,0.0938,3,0,0,60,0
15,0.1522,8,0,0,60,0
5,0.0965,6,0,0,60,0
5,0.139,4,0,0,60,0
5,0.1397,5,0,0,60,0
5,0.0993,3,0,0,60,0
5,0.1791,8,1,0,60,0
29,0.0476,6,1,0,60,0
29,0.0928,4,0,0,60,0
29,0.0705,5,0,0,60,0
29,0.0285,3,0,0,60,0
29,0.1192,8,1,0,60,0
61,0.033,6,1,0,60,0
61,0.0713,4,0,0,60,0
61,0.049,5,0,0,60,0
61,0.0223,3,0,0,60,0
61,0.1408,8,2,0,60,0
9,0.1457,6,2,0,60,0
9,0.2034,4,0,0,60,0
9,0.1884,5,0,0,60,0
9,0.1297,3,0,0,60,0
9,0.0822,8,2,0,60,0
44,0.0453,6,2,0,60,0
44,0.102,4,0,0,60,0
44,0.0855,5,0,0,60,0
44,0.027,3,0,0,60,0
44,0.117,8,3,0,60,0
42,0.0531,6,2,0,60,0
42,0.0386,4,0,0,60,0
42,0.0552,5,1,0,60,0
42,0.074,3,0,0,60,0
42,0.213,8,3,0,60,0
8,0.0529,6,2,0,60,0
8,0.0828,4,1,0,60,0
8,0.0875,5,1,0,60,0
8,0.0663,3,0,0,60,0
8,0.1886,8,3,0,60,0
79,0.0754,6,3,0,60,0
79,0.1006,4,1,0,60,0
79,0.1083,5,1,0,60,0
79,0.0881,3,0,0,60,0
79,0.2031,8,3,0,60,0
20,0.0704,6,3,0,60,0
20,0.1039,4,1,0,60,0
20,0.0786,5,2,0,60,0
20,0.0542,3,0,0,60,0
20,0.1165,8,3,0,60,0
26,0.123,6,3,0,60,0
26,0.152,4,1,0,60,0
26,0.1259,5,2,0,60,0
26,0.1059,3,0,0,60,0
26,0.1023,8,4,0,60,0
52,0.1204,6,3,0,60,0
52,0.1776,4,1,0,60,0
52,0.1604,5,2,0,60,0
52,0.1025,3,0,0,60,0
52,0.0648,8,5,0,60,0
18,0.0593,6,3,0,60,0
18,0.0851,4,1,0,60,0
18,0.0594,5,2,0,60,0
18,0.0479,3,0,0,60,0
18,0.1358,8,6,0,60,0
17,0.1073,6,3,0,60,0
17,0.1219,4,1,0,60,0
17,0.0963,5,2,0,60,0
17,0.0957,3,1,0,60,0
17,0.139,8,6,0,60,0
16,0.1084,6,3,0,60,0
16,0.166,4,1,0,60,0
16,0.1531,5,3,0,60,0
16,0.0948,3,1,0,60,0
16,0.1001,8,6,0,60,0
31,0.0507,6,4,0,60,0
31,0.107,4,1,0,60,0
31,0.0971,5,3,0,60,0
31,0.0429,3,1,0,60,0
31,0.1334,8,6,0,60,0
31,0.0735,6,4,0,60,0
31,0.1192,4,1,0,60,0
31,0.1177,5,3,0,60,0
31,0.0759,3,2,0,60,0
31,0.1661,8,6,0,60,0
12,0.0782,6,4,0,60,0
12,0.133,4,2,0,60,0
12,0.1137,5,3,0,60,0
12,0.0581,3,2,0,60,0
12,0.0832,8,6,0,60,0
35,0.1921,6,5,0,60,0
35,0.2499,4,2,0,60,0
35,0.2343,5,3,0,60,0
35,0.1757,3,2,0,60,0
35,0.0945,8,6,0,60,0
7,0.0892,6,5,0,60,0
7,0.1422,4,2,0,60,0
7,0.1214,5,3,0,60,0
7,0.0685,3,2,0,60,0
7,0.0712,8,7,0,60,0
11,0.1797,6,5,0,60,0
11,0.237,4,2,0,60,0
11,0.2195,5,3,0,60,0
11,0.1618,3,3,0,60,15
11,0.0689,8,7,0,60,0
46,0.0515,6,5,0,60,0
46,0.0425,4,2,0,60,0
46,0.0576,5,3,0,60,0
46,0.0724,3,3,0,60,15
46,0.2107,8,8,0,60,15
58,0.0773,6,5,0,60,0
58,0.0916,4,3,0,60,0
58,0.0656,5,3,0,60,0
58,0.0683,3,3,0,60,15
58,0.1451,8,8,0,60,15
20,0.0412,6,5,0,60,0
20,0.0708,4,3,0,60,0
20,0.0464,5,4,0,60,0
20,0.0327,3,3,0,60,15
20,0.1435,8,8,0,60,15
72,0.0702,6,6,0,60,15
72,0.0697,4,3,0,60,0
72,0.0448,5,4,0,60,0
72,0.0684,3,3,0,60,15
72,0.1677,8,8,0,60,15
33,0.1051,6,6,0,60,15
33,0.1504,4,3,0,60,0
33,0.1264,5,5,0,60,15
33,0.0845,3,3,0,60,15
33,0.0661,8,8,0,60,15
54,0.0546,6,6,0,60,15
54,0.0723,4,4,0,60,15
54,0.0812,5,5,0,60,15
54,0.0717,3,3,0,60,15
54,0.2006,8,8,0,60,15
26,0.0879,6,6,1,60,15
26,0.1425,4,4,0,60,15
26,0.1345,5,5,0,60,15
26,0.0806,3,3,0,60,15
26,0.1329,8,8,0,60,15
9,0.1839,6,6,1,60,15
9,0.2415,4,4,0,60,15
9,0.2253,5,5,0,60,15
9,0.167,3,3,1,60,15
9,0.0841,8,8,0,60,15
12,0.1093,6,6,1,60,15
12,0.162,4,4,0,60,15
12,0.1407,5,5,0,60,15
12,0.0886,3,3,1,60,15
12,0.0512,8,8,1,60,15
65,0.0288,6,6,1,60,15
65,0.0694,4,4,0,60,15
65,0.048,5,5,0,60,15
65,0.0187,3,3,1,60,15
65,0.1425,8,8,2,60,15
9,0.0702,6,6,1,60,15
9,0.0954,4,4,0,60,15
9,0.103,5,5,0,60,15
9,0.0834,3,3,2,60,15
9,0.2007,8,8,2,60,15
33,0.1058,6,6,2,60,15
33,0.1635,4,4,0,60,15
33,0.1483,5,5,0,60,15
33,0.0896,3,3,2,60,15
33,0.0842,8,8,2,60,15
7,0.0502,6,6,2,60,15
7,0.0284,4,4,0,60,15
7,0.0454,5,5,0,60,15
7,0.071,3,3,2,60,15
7,0.2106,8,8,3,60,15
53,0.0208,6,6,2,60,15
53,0.0695,4,4,1,60,15
53,0.051,5,5,0,60,15
53,0.0092,3,3,2,60,15
53,0.1433,8,8,3,60,15
16,0.0452,6,6,2,60,15
16,0.0446,4,4,1,60,15
16,0.0565,5,5,0,60,15
16,0.0659,3,3,3,60,45
16,0.2038,8,8,3,60,15
39,0.0639,6,6,2,60,15
39,0.0247,4,4,2,60,15
39,0.0176,5,5,0,60,15
39,0.0763,3,3,3,60,45
39,0.2046,8,8,3,60,15
44,0.1023,6,6,2,60,15
44,0.16,4,4,2,60,15
44,0.1465,5,5,1,60,15
44,0.088,3,3,3,60,45
44,0.0971,8,8,3,60,15
50,0.0923,6,6,2,60,15
50,0.1463,4,4,2,60,15
50,0.1261,5,5,1,60,15
50,0.0719,3,3,3,60,45
50,0.0689,8,8,4,60,15
34,0.1044,6,6,2,60,15
34,0.1549,4,4,2,60,15
34,0.1326,5,5,1,60,15
34,0.0834,3,3,3,60,45
34,0.057,8,8,5,60,15
35,0.0899,6,6,2,60,15
35,0.1049,4,4,2,60,15
35,0.079,5,5,1,60,15
35,0.0793,3,3,3,60,45
35,0.1407,8,8,6,60,15
47,0.0924,6,6,2,60,15
47,0.1242,4,4,2,60,15
47,0.0984,5,5,2,60,15
47,0.0755,3,3,3,60,45
47,0.1064,8,8,6,60,15
28,0.0739,6,0,0,60,0
28,0.0296,4,0,0,60,0
28,0.0276,5,0,0,60,0
28,0.0862,3,0,0,60,0
28,0.213,8,0,0,60,0
6,0.1218,6,1,0,60,0
6,0.1774,4,0,0,60,0
6,0.1682,5,0,0,60,0
6,0.112,3,0,0,60,0
6,0.1251,8,0,0,60,0
15,0.064,6,1,0,60,0
15,0.1201,4,0,0,60,0
15,0.1022,5,0,0,60,0
15,0.0447,3,0,0,60,0
15,0.0987,8,1,0,60,0
37,0.0456,6,1,0,60,0
37,0.0483,4,0,0,60,0
37,0.0596,5,0,0,60,0
37,0.066,3,0,0,60,0
37,0.2032,8,2,0,60,0
33,0.0873,6,2,0,60,0
33,0.0945,4,0,0,60,0
33,0.0692,5,0,0,60,0
33,0.0801,3,0,0,60,0
33,0.1548,8,2,0,60,0
57,0.0326,6,2,0,60,0
57,0.0705,4,0,0,60,0
57,0.0481,5,1,0,60,0
57,0.0224,3,0,0,60,0
57,0.1417,8,2,0,60,0
36,0.094,6,3,0,60,0
36,0.1447,4,0,0,60,0
36,0.1402,5,1,0,60,0
36,0.0907,3,0,0,60,0
36,0.1516,8,2,0,60,0
40,0.1005,6,3,0,60,0
40,0.1583,4,0,0,60,0
40,0.1439,5,1,0,60,0
40,0.0852,3,0,0,60,0
40,0.0919,8,3,0,60,0
12,0.0985,6,3,0,60,0
12,0.124,4,0,0,60,0
12,0.1325,5,1,0,60,0
12,0.1094,3,0,0,60,0
12,0.2142,8,4,0,60,0
19,0.0775,6,3,0,60,0
19,0.0278,4,1,0,60,0
19,0.0325,5,1,0,60,0
19,0.0912,3,0,0,60,0
19,0.2199,8,4,0,60,0
12,0.1008,6,3,0,60,0
12,0.1186,4,1,0,60,0
12,0.13,5,2,0,60,0
12,0.1142,3,0,0,60,0
12,0.2264,8,4,0,60,0
16,0.047,6,4,0,60,0
16,0.1016,4,1,0,60,0
16,0.0936,5,2,0,60,0
16,0.0432,3,0,0,60,0
16,0.1424,8,4,0,60,0
5,0.1034,6,4,0,60,0
5,0.1461,4,1,0,60,0
5,0.1216,5,2,0,60,0
5,0.0832,3,1,0,60,0
5,0.0737,8,4,0,60,0
35,0.1489,6,4,0,60,0
35,0.1837,4,1,0,60,0
35,0.1578,5,2,0,60,0
35,0.1299,3,1,0,60,0
35,0.0811,8,5,0,60,0
9,0.0673,6,4,0,60,0
9,0.0107,4,1,0,60,0
9,0.0362,5,2,0,60,0
9,0.0855,3,1,0,60,0
9,0.2225,8,6,0,60,0
50,0.0455,6,4,0,60,0
50,0.0925,4,2,0,60,0
50,0.0896,5,2,0,60,0
50,0.0506,3,1,0,60,0
50,0.1624,8,6,0,60,0
8,0.0709,6,4,0,60,0
8,0.0672,4,2,0,60,0
8,0.0428,5,3,0,60,0
8,0.0702,3,1,0,60,0
8,0.1716,8,6,0,60,0
19,0.1507,6,4,0,60,0
19,0.1959,4,2,0,60,0
19,0.1715,5,4,0,60,0
19,0.1299,3,1,0,60,0
19,0.0379,8,6,0,60,0
43,0.1391,6,4,0,60,0
43,0.1966,4,2,0,60,0
43,0.1799,5,4,0,60,0
43,0.1217,3,1,0,60,0
43,0.0664,8,7,0,60,0
31,0.0258,6,4,0,60,0
31,0.08,4,2,0,60,0
31,0.0722,5,4,0,60,0
31,0.0287,3,1,0,60,0
31,0.1525,8,8,0,60,15
72,0.0427,6,5,0,60,0
72,0.0863,4,2,0,60,0
72,0.0849,5,4,0,60,0
72,0.051,3,1,0,60,0
72,0.1687,8,8,0,60,15
52,0.1173,6,5,0,60,0
52,0.1688,4,2,0,60,0
52,0.1468,5,4,0,60,0
52,0.0964,3,2,0,60,0
52,0.0433,8,8,0,60,15
16,0.0647,6,5,0,60,0
16,0.0581,4,2,0,60,0
16,0.0747,5,4,0,60,0
16,0.0848,3,3,0,60,15
16,0.2207,8,8,0,60,15
26,0.1133,6,5,0,60,0
26,0.1656,4,3,0,60,0
26,0.1598,5,4,0,60,0
26,0.1076,3,3,0,60,15
26,0.1465,8,8,0,60,15
30,0.1092,6,6,0,60,15
30,0.1615,4,3,0,60,0
30,0.1557,5,4,0,60,0
30,0.1036,3,3,0,60,15
30,0.1457,8,8,0,60,15
8,0.0365,6,6,0,60,15
8,0.0705,4,3,0,60,0
8,0.0471,5,5,0,60,15
8,0.0272,3,3,0,60,15
8,0.1424,8,8,0,60,15
40,0.1018,6,6,0,60,15
40,0.1206,4,4,0,60,15
40,0.1317,5,5,0,60,15
40,0.1149,3,3,0,60,15
40,0.2258,8,8,0,60,15
18,0.1459,6,6,1,60,15
18,0.2035,4,4,0,60,15
18,0.1874,5,5,0,60,15
18,0.1289,3,3,0,60,15
18,0.0715,8,8,0,60,15
9,0.0582,6,6,1,60,15
9,0.0857,4,4,0,60,15
9,0.0601,5,5,0,60,15
9,0.0463,3,3,0,60,15
9,0.1341,8,8,1,60,15
6,0.1646,6,6,1,60,15
6,0.2201,4,4,0,60,15
6,0.2004,5,5,0,60,15
6,0.1451,3,3,1,60,15
6,0.0366,8,8,1,60,15
32,0.0715,6,6,1,60,15
32,0.0838,4,4,0,60,15
32,0.0957,5,5,0,60,15
32,0.0882,3,3,1,60,15
32,0.2143,8,8,2,60,15
27,0.0664,6,6,2,60,15
27,0.0865,4,4,0,60,15
27,0.0956,5,5,0,60,15
27,0.0816,3,3,1,60,15
27,0.2045,8,8,2,60,15
14,0.044,6,6,3,60,15
14,0.0483,4,4,0,60,15
14,0.0223,5,5,0,60,15
14,0.0477,3,3,1,60,15
14,0.1693,8,8,2,60,15
19,0.0611,6,6,3,60,15
19,0.1188,4,4,0,60,15
19,0.106,5,5,1,60,15
19,0.0483,3,3,1,60,15
19,0.1173,8,8,2,60,15
22,0.0938,6,6,3,60,15
22,0.0511,4,4,0,60,15
22,0.0472,5,5,1,60,15
22,0.1038,3,3,2,60,15
22,0.2229,8,8,2,60,15
8,0.0938,6,6,3,60,15
8,0.1498,4,4,0,60,15
8,0.1402,5,5,2,60,15
8,0.0842,3,3,2,60,15
8,0.1227,8,8,2,60,15
47,0.1671,6,6,3,60,15
47,0.208,4,4,0,60,15
47,0.1827,5,5,2,60,15
47,0.1468,3,3,3,60,45
47,0.0582,8,8,2,60,15
25,0.0794,6,6,3,60,15
25,0.1359,4,4,0,60,15
25,0.1183,5,5,2,60,15
25,0.0606,3,3,3,60,45
25,0.0867,8,8,3,60,15
9,0.0963,6,6,4,60,15
9,0.1357,4,4,0,60,15
9,0.1107,5,5,2,60,15
9,0.077,3,3,3,60,45
9,0.0868,8,8,3,60,15
6,0.1426,6,6,4,60,15
6,0.1789,4,4,0,60,15
6,0.1532,5,5,2,60,15
6,0.1233,3,3,3,60,45
6,0.0761,8,8,4,60,15
9,0.0946,6,6,4,60,15
9,0.1517,4,4,0,60,15
9,0.1401,5,5,2,60,15
9,0.0825,3,3,3,60,45
9,0.1105,8,8,5,60,15
43,0.1647,6,0,0,60,0
43,0.2209,4,0,0,60,0
43,0.2018,5,0,0,60,0
43,0.1456,3,0,0,60,0
43,0.0444,8,0,0,60,0
31,0.1692,6,0,0,60,0
31,0.227,4,0,0,60,0
31,0.2117,5,0,0,60,0
31,0.1531,3,0,0,60,0
31,0.0862,8,1,0,60,0
50,0.1539,6,0,0,60,0
50,0.2057,4,0,0,60,0
50,0.1835,5,0,0,60,0
50,0.1331,3,0,0,60,0
50,0.0068,8,2,0,60,0
18,0.0857,6,0,0,60,0
18,0.136,4,0,0,60,0
18,0.114,5,0,0,60,0
18,0.0648,3,0,0,60,0
18,0.0759,8,3,0,60,0
14,0.0842,6,1,0,60,0
14,0.1263,4,0,0,60,0
14,0.102,5,0,0,60,0
14,0.0645,3,0,0,60,0
14,0.0903,8,3,0,60,0
17,0.155,6,2,0,60,0
17,0.1921,4,0,0,60,0
17,0.1664,5,0,0,60,0
17,0.1354,3,0,0,60,0
17,0.0725,8,3,0,60,0
40,0.0915,6,2,0,60,0
40,0.0701,4,0,0,60,0
40,0.0522,5,0,0,60,0
40,0.0944,3,0,0,60,0
40,0.1963,8,4,0,60,0
46,0.1174,6,2,0,60,0
46,0.1721,4,0,0,60,0
46,0.1521,5,1,0,60,0
46,0.0974,3,0,0,60,0
46,0.0477,8,4,0,60,0
64,0.0481,6,2,0,60,0
64,0.1019,4,0,0,60,0
64,0.0946,5,1,0,60,0
64,0.0453,3,0,0,60,0
64,0.1448,8,5,0,60,0
15,0.0613,6,3,0,60,0
15,0.0714,4,0,0,60,0
15,0.0832,5,1,0,60,0
15,0.0794,3,0,0,60,0
15,0.2098,8,5,0,60,0
18,0.017,6,3,0,60,0
18,0.0726,4,1,0,60,0
18,0.0635,5,1,0,60,0
18,0.0224,3,0,0,60,0
18,0.1538,8,5,0,60,0
12,0.0846,6,3,0,60,0
12,0.0748,4,1,0,60,0
12,0.0525,5,2,0,60,0
12,0.0841,3,0,0,60,0
12,0.1797,8,5,0,60,0
46,0.1289,6,3,0,60,0
46,0.1845,4,1,0,60,0
46,0.1753,5,3,0,60,0
46,0.119,3,0,0,60,0
46,0.1267,8,5,0,60,0
30,0.1755,6,3,0,60,0
30,0.2331,4,1,0,60,0
30,0.2171,5,3,0,60,0
30,0.1586,3,1,0,60,0
30,0.0811,8,5,0,60,0
22,0.1404,6,3,0,60,0
22,0.1954,4,1,0,60,0
22,0.1753,5,3,0,60,0
22,0.1205,3,1,0,60,0
22,0.033,8,6,0,60,0
48,0.1857,6,3,0,60,0
48,0.2435,4,1,0,60,0
48,0.228,5,3,0,60,0
48,0.1694,3,1,0,60,0
48,0.0924,8,7,0,60,0
9,0.1153,6,4,0,60,0
9,0.1353,4,1,0,60,0
9,0.1463,5,3,0,60,0
9,0.1274,3,1,0,60,0
9,0.2325,8,7,0,60,0
9,0.0675,6,4,0,60,0
9,0.1012,4,2,0,60,0
9,0.1053,5,3,0,60,0
9,0.0775,3,1,0,60,0
9,0.1882,8,7,0,60,0
13,0.1313,6,5,0,60,0
13,0.1879,4,2,0,60,0
13,0.1771,5,3,0,60,0
13,0.1197,3,1,0,60,0
13,0.1156,8,7,0,60,0
30,0.1581,6,5,0,60,0
30,0.2157,4,2,0,60,0
30,0.1992,5,3,0,60,0
30,0.141,3,2,0,60,0
30,0.0709,8,7,0,60,0
22,0.1556,6,5,0,60,0
22,0.2053,4,2,0,60,0
22,0.1821,5,3,0,60,0
22,0.1347,3,2,0,60,0
22,0.0134,8,8,0,60,15
19,0.0588,6,5,0,60,0
19,0.0983,4,2,0,60,0
19,0.0741,5,4,0,60,0
19,0.0412,3,2,0,60,0
19,0.1162,8,8,0,60,15
5,0.0308,6,5,0,60,0
5,0.0688,4,2,0,60,0
5,0.0467,5,4,0,60,0
5,0.0216,3,3,0,60,15
5,0.1433,8,8,0,60,15
22,0.0872,6,5,0,60,0
22,0.0666,4,3,0,60,0
22,0.0482,5,4,0,60,0
22,0.0904,3,3,0,60,15
22,0.1941,8,8,0,60,15
22,0.0303,6,5,0,60,0
22,0.0837,4,3,0,60,0
22,0.0655,5,5,0,60,15
22,0.0094,3,3,0,60,15
22,0.1304,8,8,0,60,15
29,0.0693,6,6,0,60,15
29,0.0786,4,3,0,60,0
29,0.0527,5,5,0,60,15
29,0.0636,3,3,0,60,15
29,0.1549,8,8,0,60,15
17,0.0832,6,6,0,60,15
17,0.0473,4,4,0,60,15
17,0.0374,5,5,0,60,15
17,0.0919,3,3,0,60,15
17,0.2099,8,8,0,60,15
38,0.0606,6,6,0,60,15
38,0.074,4,4,0,60,15
38,0.0479,5,5,1,60,15
38,0.0549,3,3,0,60,15
38,0.1523,8,8,0,60,15
25,0.0617,6,6,0,60,15
25,0.0119,4,4,0,60,15
25,0.0373,5,5,2,60,15
25,0.0809,3,3,0,60,15
25,0.2193,8,8,0,60,15
28,0.1536,6,6,0,60,15
28,0.1984,4,4,1,60,15
28,0.1738,5,5,2,60,15
28,0.1328,3,3,0,60,15
28,0.0396,8,8,0,60,15
27,0.1133,6,6,0,60,15
27,0.1363,4,4,1,60,15
27,0.1461,5,5,2,60,15
27,0.1244,3,3,0,60,15
27,0.2267,8,8,1,60,15
73,0.0562,6,6,1,60,15
73,0.0165,4,4,1,60,15
73,0.0129,5,5,2,60,15
73,0.0703,3,3,0,60,15
73,0.2024,8,8,1,60,15
7,0.1376,6,6,1,60,15
7,0.1784,4,4,1,60,15
7,0.1532,5,5,3,60,15
7,0.1174,3,3,0,60,15
7,0.0605,8,8,1,60,15
33,0.1603,6,0,0,60,0
33,0.2021,4,0,0,60,0
33,0.177,5,0,0,60,0
33,0.1398,3,0,0,60,0
33,0.053,8,0,0,60,0
33,0.0278,6,0,0,60,0
33,0.0411,4,0,0,60,0
33,0.0442,5,0,0,60,0
33,0.0488,3,0,0,60,0
33,0.1879,8,1,0,60,0
54,0.0991,6,1,0,60,0
54,0.1436,4,0,0,60,0
54,0.1196,5,0,0,60,0
54,0.0786,3,0,0,60,0
54,0.0728,8,1,0,60,0
43,0.0711,6,1,0,60,0
43,0.1288,4,0,0,60,0
43,0.1141,5,0,0,60,0
43,0.0554,3,0,0,60,0
43,0.1036,8,2,0,60,0
23,0.0714,6,1,0,60,0
23,0.0773,4,0,0,60,0
23,0.0911,5,0,0,60,0
23,0.0895,3,0,0,60,0
23,0.2191,8,3,0,60,0
20,0.0754,6,2,0,60,0
20,0.0978,4,0,0,60,0
20,0.1066,5,0,0,60,0
20,0.0891,3,0,0,60,0
20,0.2065,8,3,0,60,0
56,0.0802,6,2,0,60,0
56,0.0276,4,0,0,60,0
56,0.0361,5,1,0,60,0
56,0.0945,3,0,0,60,0
56,0.2244,8,3,0,60,0
7,0.1022,6,2,0,60,0
7,0.1524,4,1,0,60,0
7,0.13,5,1,0,60,0
7,0.0813,3,0,0,60,0
7,0.0596,8,3,0,60,0
17,0.0185,6,2,0,60,0
17,0.0586,4,1,0,60,0
17,0.0397,5,1,0,60,0
17,0.0194,3,0,0,60,0
17,0.1536,8,4,0,60,0
28,0.0469,6,3,0,60,0
28,0.0768,4,1,0,60,0
28,0.052,5,1,0,60,0
28,0.0364,3,0,0,60,0
28,0.1388,8,4,0,60,0
16,0.0915,6,3,0,60,0
16,0.0873,4,1,0,60,0
16,0.064,5,2,0,60,0
16,0.0882,3,0,0,60,0
16,0.1725,8,4,0,60,0
5,0.0808,6,3,0,60,0
5,0.1369,4,1,0,60,0
5,0.1186,5,3,0,60,0
5,0.0615,3,0,0,60,0
5,0.0838,8,4,0,60,0
8,0.0576,6,3,0,60,0
8,0.103,4,1,0,60,0
8,0.1013,5,3,0,60,0
8,0.0619,3,0,0,60,0
8,0.1654,8,5,0,60,0
78,0.0909,6,4,0,60,0
78,0.0626,4,1,0,60,0
78,0.0482,5,3,0,60,0
78,0.0964,3,0,0,60,0
78,0.2048,8,5,0,60,0
28,0.1471,6,4,0,60,0
28,0.2023,4,2,0,60,0
28,0.1825,5,3,0,60,0
28,0.1274,3,0,0,60,0
28,0.0333,8,5,0,60,0
34,0.13,6,4,0,60,0
34,0.1826,4,2,0,60,0
34,0.161,5,3,0,60,0
34,0.1094,3,0,0,60,0
34,0.0308,8,6,0,60,0
9,0.0491,6,4,0,60,0
9,0.066,4,2,0,60,0
9,0.0401,5,3,0,60,0
9,0.0449,3,0,0,60,0
9,0.1534,8,7,0,60,0
49,0.0843,6,4,0,60,0
49,0.0835,4,2,0,60,0
49,0.0593,5,3,0,60,0
49,0.0806,3,1,0,60,0
49,0.1673,8,7,0,60,0
58,0.0905,6,4,0,60,0
58,0.1391,4,2,0,60,0
58,0.136,5,4,0,60,0
58,0.0892,3,1,0,60,0
58,0.1592,8,7,0,60,0
35,0.1353,6,4,0,60,0
35,0.1695,4,2,0,60,0
35,0.1436,5,4,0,60,0
35,0.1165,3,2,0,60,0
35,0.0844,8,7,0,60,0
40,0.0336,6,4,0,60,0
40,0.0898,4,2,0,60,0
40,0.0801,5,4,0,60,0
40,0.0294,3,2,0,60,0
40,0.1427,8,8,0,60,15
15,0.1108,6,5,0,60,0
15,0.1653,4,2,0,60,0
15,0.1452,5,4,0,60,0
15,0.0907,3,2,0,60,0
15,0.0525,8,8,0,60,15
57,0.1348,6,5,0,60,0
57,0.1635,4,2,0,60,0
57,0.1374,5,4,0,60,0
57,0.1175,3,3,0,60,15
57,0.1017,8,8,0,60,15
20,0.098,6,5,0,60,0
20,0.1444,4,3,0,60,0
20,0.1208,5,4,0,60,0
20,0.0773,3,3,0,60,15
20,0.0699,8,8,0,60,15
17,0.1085,6,6,0,60,15
17,0.1308,4,3,0,60,0
17,0.1408,5,4,0,60,0
17,0.1201,3,3,0,60,15
17,0.2249,8,8,0,60,15
30,0.0177,6,6,0,60,15
30,0.0517,4,4,0,60,15
30,0.0492,5,4,0,60,0
30,0.0379,3,3,0,60,15
30,0.176,8,8,0,60,15
23,0.1234,6,6,0,60,15
23,0.1769,4,4,0,60,15
23,0.156,5,5,0,60,15
23,0.1029,3,3,0,60,15
23,0.0387,8,8,0,60,15
5,0.1394,6,6,0,60,15
5,0.1965,4,4,0,60,15
5,0.1788,5,5,0,60,15
5,0.1212,3,3,0,60,15
5,0.0573,8,8,1,60,15
43,0.0656,6,6,0,60,15
43,0.0334,4,4,0,60,15
43,0.056,5,5,0,60,15
43,0.0864,3,3,0,60,15
43,0.226,8,8,2,60,15
11,0.1252,6,6,0,60,15
11,0.1537,4,4,1,60,15
11,0.1276,5,5,0,60,15
11,0.1082,3,3,0,60,15
11,0.1033,8,8,2,60,15
21,0.0531,6,6,0,60,15
21,0.1035,4,4,1,60,15
21,0.0826,5,5,0,60,15
21,0.0322,3,3,0,60,15
21,0.1087,8,8,3,60,15
56,0.0993,6,6,0,60,15
56,0.1551,4,4,1,60,15
56,0.1456,5,5,0,60,15
56,0.0896,3,3,1,60,15
56,0.1228,8,8,3,60,15
23,0.1523,6,6,0,60,15
23,0.203,4,4,1,60,15
23,0.1803,5,5,0,60,15
23,0.1314,3,3,2,60,15
23,0.0103,8,8,3,60,15
15,0.0575,6,6,0,60,15
15,0.0045,4,4,1,60,15
15,0.0224,5,5,0,60,15
15,0.0742,3,3,2,60,15
15,0.2097,8,8,4,60,15
6,0.0529,6,6,0,60,15
6,0.0989,4,4,2,60,15
6,0.0968,5,5,0,60,15
6,0.0575,3,3,2,60,15
6,0.1641,8,8,4,60,15
19,0.1559,6,6,1,60,15
19,0.2129,4,4,2,60,15
19,0.195,5,5,0,60,15
19,0.1376,3,3,2,60,15
19,0.0557,8,8,4,60,15
15,0.033,6,6,1,60,15
15,0.0348,4,4,2,60,15
15,0.0143,5,5,0,60,15
15,0.0445,3,3,2,60,15
15,0.1774,8,8,5,60,15
15,0.1085,6,6,1,60,15
15,0.1555,4,4,2,60,15
15,0.132,5,5,1,60,15
15,0.0876,3,3,2,60,15
15,0.0591,8,8,5,60,15
15,0.0421,6,6,1,60,15
15,0.0463,4,4,2,60,15
15,0.0564,5,5,1,60,15
15,0.0626,3,3,2,60,15
15,0.2002,8,8,6,60,15
19,0.0751,6,6,2,60,15
19,0.1251,4,4,2,60,15
19,0.1209,5,5,1,60,15
19,0.0737,3,3,2,60,15
19,0.1535,8,8,6,60,15
34,0.084,6,6,2,60,15
34,0.0762,4,4,2,60,15
34,0.0534,5,5,1,60,15
34,0.0829,3,3,3,60,45
34,0.177,8,8,6,60,15
27,0.0907,6,6,2,60,15
27,0.0594,4,4,2,60,15
27,0.0467,5,5,2,60,15
27,0.0971,3,3,3,60,45
27,0.2081,8,8,6,60,15
18,0.0212,6,6,2,60,15
18,0.0565,4,4,2,60,15
18,0.0552,5,5,3,60,15
18,0.0399,3,3,3,60,45
18,0.1761,8,8,6,60,15
21,0.092,6,6,3,60,15
21,0.1417,4,4,2,60,15
21,0.1193,5,5,3,60,15
21,0.071,3,3,3,60,45
21,0.0703,8,8,6,60,15
25,0.0611,6,6,3,60,15
25,0.0366,4,4,2,60,15
25,0.0169,5,5,3,60,15
25,0.0699,3,3,3,60,45
25,0.1927,8,8,7,60,15
20,0.0383,6,6,3,60,15
20,0.0955,4,4,2,60,15
20,0.0843,5,5,4,60,15
20,0.0299,3,3,3,60,45
20,0.1354,8,8,7,60,15
61,0.1506,6,6,4,60,15
61,0.2021,4,4,2,60,15
61,0.1798,5,5,4,60,15
61,0.1298,3,3,3,60,45
61,0.0098,8,8,7,60,15
11,0.0372,6,6,4,60,15
11,0.0634,4,4,2,60,15
11,0.0392,5,5,4,60,15
11,0.0326,3,3,3,60,45
11,0.1505,8,8,8,60,45
9,0.1111,6,6,5,60,15
9,0.1602,4,4,2,60,15
9,0.1569,5,5,4,60,15
9,0.1084,3,3,3,60,45
9,0.1612,8,8,8,60,45
8,0.0936,6,6,6,60,45
8,0.119,4,4,2,60,15
8,0.0929,5,5,4,60,15
8,0.0789,3,3,3,60,45
8,0.1196,8,8,8,60,45
21,0.0751,6,6,6,60,45
21,0.1138,4,4,2,60,15
21,0.116,5,5,5,60,45
21,0.0818,3,3,3,60,45
21,0.1818,8,8,8,60,45
34,0.1548,6,0,0,60,0
34,0.2111,4,0,0,60,0
34,0.1923,5,0,0,60,0
34,0.1358,3,0,0,60,0
34,0.045,8,0,0,60,0
32,0.0878,6,0,0,60,0
32,0.1179,4,0,0,60,0
32,0.1242,5,0,0,60,0
32,0.0976,3,0,0,60,0
32,0.2017,8,1,0,60,0
11,0.1294,6,1,0,60,0
11,0.1801,4,0,0,60,0
11,0.1577,5,0,0,60,0
11,0.1085,3,0,0,60,0
11,0.0318,8,1,0,60,0
7,0.1082,6,1,0,60,0
7,0.166,4,0,0,60,0
7,0.1513,5,0,0,60,0
7,0.0926,3,0,0,60,0
7,0.0872,8,2,0,60,0
39,0.1063,6,1,0,60,0
39,0.1459,4,0,0,60,0
39,0.1482,5,0,0,60,0
39,0.1103,3,0,0,60,0
39,0.19,8,3,0,60,0
26,0.0788,6,2,0,60,0
26,0.1048,4,0,0,60,0
26,0.1124,5,0,0,60,0
26,0.091,3,0,0,60,0
26,0.2038,8,3,0,60,0
74,0.0369,6,2,0,60,0
74,0.0901,4,0,0,60,0
74,0.0832,5,1,0,60,0
74,0.0375,3,0,0,60,0
74,0.1505,8,3,0,60,0
31,0.156,6,3,0,60,0
31,0.2094,4,0,0,60,0
31,0.188,5,1,0,60,0
31,0.1356,3,0,0,60,0
31,0.0144,8,3,0,60,0
22,0.086,6,3,0,60,0
22,0.1395,4,0,0,60,0
22,0.1191,5,1,0,60,0
22,0.0655,3,0,0,60,0
22,0.0746,8,4,0,60,0
7,0.0349,6,3,0,60,0
7,0.0337,4,0,0,60,0
7,0.041,5,1,0,60,0
7,0.0558,3,0,0,60,0
7,0.1953,8,5,0,60,0
37,0.0675,6,3,0,60,0
37,0.1079,4,1,0,60,0
37,0.109,5,1,0,60,0
37,0.0739,3,0,0,60,0
37,0.1767,8,5,0,60,0
17,0.0357,6,3,0,60,0
17,0.0843,4,1,0,60,0
17,0.0802,5,2,0,60,0
17,0.0418,3,0,0,60,0
17,0.1607,8,5,0,60,0
26,0.0679,6,4,0,60,0
26,0.1121,4,1,0,60,0
26,0.0886,5,2,0,60,0
26,0.048,3,0,0,60,0
26,0.1012,8,5,0,60,0
21,0.0303,6,4,0,60,0
21,0.0874,4,1,0,60,0
21,0.0722,5,2,0,60,0
21,0.0139,3,1,0,60,0
21,0.1317,8,5,0,60,0
13,0.1526,6,4,0,60,0
13,0.2104,4,1,0,60,0
13,0.1961,5,2,0,60,0
13,0.1374,3,2,0,60,0
13,0.0903,8,5,0,60,0
6,0.0342,6,4,0,60,0
6,0.0645,4,1,0,60,0
6,0.0671,5,2,0,60,0
6,0.0509,3,2,0,60,0
6,0.1827,8,6,0,60,0
16,0.1267,6,4,0,60,0
16,0.1843,4,2,0,60,0
16,0.1682,5,2,0,60,0
16,0.1098,3,2,0,60,0
16,0.0729,8,6,0,60,0
25,0.1565,6,4,0,60,0
25,0.2074,4,2,0,60,0
25,0.1848,5,2,0,60,0
25,0.1356,3,2,0,60,0
25,0.0058,8,7,0,60,0
33,0.1264,6,4,0,60,0
33,0.1822,4,2,0,60,0
33,0.1726,5,2,0,60,0
33,0.116,3,2,0,60,0
33,0.123,8,8,0,60,15
7,0.0849,6,4,0,60,0
7,0.0431,4,2,0,60,0
7,0.0383,5,3,0,60,0
7,0.0954,3,2,0,60,0
7,0.2168,8,8,0,60,15
12,0.0847,6,4,0,60,0
12,0.1325,4,2,0,60,0
12,0.1299,5,4,0,60,0
12,0.0845,3,2,0,60,0
12,0.1613,8,8,0,60,15
15,0.078,6,5,0,60,0
15,0.0238,4,2,0,60,0
15,0.0354,5,4,0,60,0
15,0.0931,3,2,0,60,0
15,0.2245,8,8,0,60,15
16,0.1234,6,5,0,60,0
16,0.179,4,3,0,60,0
16,0.1597,5,4,0,60,0
16,0.1038,3,2,0,60,0
16,0.0481,8,8,0,60,15
18,0.0671,6,5,0,60,0
18,0.0718,4,3,0,60,0
18,0.0856,5,4,0,60,0
18,0.0857,3,3,0,60,15
18,0.217,8,8,0,60,15
42,0.1417,6,6,0,60,15
42,0.176,4,3,0,60,0
42,0.1501,5,4,0,60,0
42,0.1228,3,3,0,60,15
42,0.0833,8,8,0,60,15
18,0.1653,6,6,0,60,15
18,0.222,4,3,0,60,0
18,0.2037,5,5,0,60,15
18,0.1467,3,3,0,60,15
18,0.0531,8,8,0,60,15
26,0.049,6,6,0,60,15
26,0.0799,4,4,0,60,15
26,0.055,5,5,0,60,15
26,0.0373,3,3,0,60,15
26,0.136,8,8,0,60,15
47,0.1381,6,6,0,60,15
47,0.1866,4,4,0,60,15
47,0.1633,5,5,0,60,15
47,0.1171,3,3,1,60,15
47,0.0296,8,8,0,60,15
22,0.0924,6,6,0,60,15
22,0.1497,4,4,0,60,15
22,0.1331,5,5,0,60,15
22,0.0748,3,3,1,60,15
22,0.0821,8,8,1,60,15
59,0.1725,6,6,0,60,15
59,0.2095,4,4,0,60,15
59,0.1837,5,5,0,60,15
59,0.1528,3,3,2,60,15
59,0.0756,8,8,1,60,15
79,0.0401,6,6,0,60,15
79,0.038,4,4,0,60,15
79,0.0128,5,5,0,60,15
79,0.0486,3,3,2,60,15
79,0.1768,8,8,2,60,15
21,0.0853,6,6,0,60,15
21,0.1376,4,4,0,60,15
21,0.1317,5,5,1,60,15
21,0.0808,3,3,2,60,15
21,0.1443,8,8,2,60,15
28,0.01,6,6,0,60,15
28,0.0481,4,4,0,60,15
28,0.0394,5,5,1,60,15
28,0.0303,3,3,3,60,45
28,0.1699,8,8,2,60,15
14,0.0828,6,6,1,60,15
14,0.1405,4,4,0,60,15
14,0.1271,5,5,1,60,15
14,0.0687,3,3,3,60,45
14,0.1042,8,8,2,60,15
38,0.0296,6,6,2,60,15
38,0.0475,4,4,0,60,15
38,0.0513,5,5,1,60,15
38,0.05,3,3,3,60,45
38,0.1878,8,8,2,60,15
10,0.0872,6,6,3,60,15
10,0.1101,4,4,0,60,15
10,0.0839,5,5,1,60,15
10,0.0738,3,3,3,60,45
10,0.127,8,8,2,60,15
15,0.0492,6,6,3,60,15
15,0.0571,4,4,0,60,15
15,0.0679,5,5,2,60,15
15,0.0687,3,3,3,60,45
15,0.2035,8,8,2,60,15
17,0.1648,6,6,4,60,15
17,0.2225,4,4,0,60,15
17,0.2079,5,5,2,60,15
17,0.1492,3,3,3,60,45
17,0.0912,8,8,2,60,15
91,0.0992,6,6,4,60,15
91,0.1414,4,4,0,60,15
91,0.1423,5,5,2,60,15
91,0.102,3,3,3,60,45
91,0.1807,8,8,3,60,15
5,0.0605,6,6,5,60,15
5,0.0275,4,4,0,60,15
5,0.0139,5,5,2,60,15
5,0.0719,3,3,3,60,45
5,0.1991,8,8,3,60,15
12,0.1536,6,6,5,60,15
12,0.2038,4,4,0,60,15
12,0.1809,5,5,3,60,15
12,0.1327,3,3,3,60,45
12,0.0116,8,8,3,60,15
31,0.1272,6,6,5,60,15
31,0.1805,4,4,0,60,15
31,0.1594,5,5,3,60,15
31,0.1067,3,3,3,60,45
31,0.0347,8,8,4,60,15
10,0.1496,6,6,5,60,15
10,0.2052,4,4,0,60,15
10,0.1855,5,5,3,60,15
10,0.1301,3,3,3,60,45
10,0.0356,8,8,5,60,15
58,0.1218,6,6,5,60,15
58,0.1794,4,4,0,60,15
58,0.1632,5,5,3,60,15
58,0.1047,3,3,3,60,45
58,0.0725,8,8,6,60,15
38,0.0933,6,6,5,60,15
38,0.146,4,4,0,60,15
38,0.125,5,5,3,60,15
38,0.0726,3,3,3,60,45
38,0.0671,8,8,7,60,15
53,0.061,6,0,0,60,0
53,0.0154,4,0,0,60,0
53,0.0399,5,0,0,60,0
53,0.0806,3,0,0,60,0
53,0.2195,8,0,0,60,0
6,0.064,6,1,0,60,0
6,0.1202,4,0,0,60,0
6,0.1104,5,0,0,60,0
6,0.0553,3,0,0,60,0
6,0.1284,8,0,0,60,0
68,0.0867,6,1,0,60,0
68,0.1207,4,0,0,60,0
68,0.0951,5,0,0,60,0
68,0.0693,3,0,0,60,0
68,0.1051,8,1,0,60,0
60,0.1637,6,1,0,60,0
60,0.221,4,0,0,60,0
60,0.2037,5,0,0,60,0
60,0.1459,3,0,0,60,0
60,0.0639,8,2,0,60,0
46,0.1266,6,1,0,60,0
46,0.182,4,0,0,60,0
46,0.1623,5,0,0,60,0
46,0.1069,3,0,0,60,0
46,0.0437,8,3,0,60,0
26,0.091,6,1,0,60,0
26,0.1404,4,0,0,60,0
26,0.1368,5,0,0,60,0
26,0.089,3,0,0,60,0
26,0.1565,8,4,0,60,0
47,0.154,6,2,0,60,0
47,0.2114,4,0,0,60,0
47,0.1986,5,0,0,60,0
47,0.1402,3,0,0,60,0
47,0.1044,8,4,0,60,0
39,0.0406,6,2,0,60,0
39,0.0957,4,0,0,60,0
39,0.0778,5,0,0,60,0
39,0.0204,3,0,0,60,0
39,0.1199,8,5,0,60,0
42,0.0734,6,2,0,60,0
42,0.131,4,0,0,60,0
42,0.1155,5,1,0,60,0
42,0.0568,3,0,0,60,0
42,0.0992,8,5,0,60,0
48,0.0535,6,3,0,60,0
48,0.0897,4,0,0,60,0
48,0.0921,5,1,0,60,0
48,0.0641,3,0,0,60,0
48,0.1808,8,5,0,60,0
76,0.0817,6,3,0,60,0
76,0.1394,4,1,0,60,0
76,0.1241,5,1,0,60,0
76,0.0653,3,0,0,60,0
76,0.0949,8,5,0,60,0
26,0.0352,6,3,0,60,0
26,0.0782,4,1,0,60,0
26,0.0564,5,1,0,60,0
26,0.0198,3,1,0,60,0
26,0.1337,8,5,0,60,0
55,0.087,6,3,0,60,0
55,0.13,4,1,0,60,0
55,0.1058,5,2,0,60,0
55,0.0669,3,1,0,60,0
55,0.0862,8,5,0,60,0
18,0.0661,6,3,0,60,0
18,0.0485,4,1,0,60,0
18,0.068,5,2,0,60,0
18,0.087,3,1,0,60,0
18,0.2251,8,6,0,60,0
28,0.0963,6,3,0,60,0
28,0.1276,4,2,0,60,0
28,0.1017,5,2,0,60,0
28,0.0794,3,1,0,60,0
28,0.1055,8,6,0,60,0
31,0.0593,6,4,0,60,0
31,0.0594,4,2,0,60,0
31,0.0337,5,2,0,60,0
31,0.0596,3,1,0,60,0
31,0.1688,8,6,0,60,0
30,0.0947,6,4,0,60,0
30,0.0445,4,2,0,60,0
30,0.0487,5,3,0,60,0
30,0.1073,3,1,0,60,0
30,0.2322,8,6,0,60,0
32,0.1009,6,4,0,60,0
32,0.0539,4,3,0,60,0
32,0.0543,5,3,0,60,0
32,0.112,3,1,0,60,0
32,0.2327,8,6,0,60,0
40,0.0523,6,4,0,60,0
40,0.0858,4,3,0,60,0
40,0.0892,5,4,0,60,0
40,0.0643,3,1,0,60,0
40,0.1841,8,6,0,60,0
55,0.0589,6,5,0,60,0
55,0.1034,4,3,0,60,0
55,0.0804,5,4,0,60,0
55,0.0393,3,1,0,60,0
55,0.1092,8,6,0,60,0
7,0.1037,6,5,0,60,0
7,0.1195,4,3,0,60,0
7,0.1317,5,4,0,60,0
7,0.1176,3,2,0,60,0
7,0.2309,8,6,0,60,0
24,0.0706,6,6,0,60,15
24,0.0551,4,3,0,60,0
24,0.0333,5,4,0,60,0
24,0.0744,3,2,0,60,0
24,0.1852,8,6,0,60,0
19,0.1536,6,6,0,60,15
19,0.1993,4,3,0,60,0
19,0.175,5,5,0,60,15
19,0.1327,3,2,0,60,0
19,0.035,8,6,0,60,0
53,0.1065,6,6,0,60,15
53,0.1366,4,3,0,60,0
53,0.1106,5,5,0,60,15
53,0.0896,3,2,0,60,0
53,0.1041,8,7,0,60,0
54,0.1151,6,6,0,60,15
54,0.164,4,3,0,60,0
54,0.1409,5,5,0,60,15
54,0.0941,3,3,0,60,15
54,0.049,8,7,0,60,0
73,0.1029,6,6,0,60,15
73,0.131,4,3,0,60,0
73,0.1385,5,5,0,60,15
73,0.1126,3,3,0,60,15
73,0.2124,8,8,0,60,15
33,0.0483,6,6,0,60,15
33,0.0473,4,4,0,60,15
33,0.0212,5,5,0,60,15
33,0.0525,3,3,0,60,15
33,0.1728,8,8,0,60,15
24,0.086,6,6,0,60,15
24,0.1436,4,4,0,60,15
24,0.1307,5,5,1,60,15
24,0.0724,3,3,0,60,15
24,0.1053,8,8,0,60,15
13,0.1785,6,6,0,60,15
13,0.2131,4,4,0,60,15
13,0.1871,5,5,1,60,15
13,0.1593,3,3,1,60,15
13,0.0871,8,8,0,60,15
31,0.1315,6,6,0,60,15
31,0.1891,4,4,0,60,15
31,0.173,5,5,1,60,15
31,0.1145,3,3,1,60,15
31,0.0713,8,8,1,60,15
25,0.1026,6,6,0,60,15
25,0.1602,4,4,0,60,15
25,0.1474,5,5,1,60,15
25,0.0891,3,3,1,60,15
25,0.1019,8,8,2,60,15
5,0.0675,6,6,0,60,15
5,0.0502,4,4,0,60,15
5,0.0698,5,5,1,60,15
5,0.0883,3,3,2,60,15
5,0.2262,8,8,2,60,15
24,0.1468,6,6,0,60,15
24,0.201,4,4,1,60,15
24,0.1803,5,5,1,60,15
24,0.1266,3,3,2,60,15
24,0.0243,8,8,2,60,15
9,0.0647,6,6,0,60,15
9,0.0898,4,4,1,60,15
9,0.0639,5,5,1,60,15
9,0.0529,3,3,2,60,15
9,0.1338,8,8,3,60,15
15,0.1035,6,6,0,60,15
15,0.1574,4,4,1,60,15
15,0.1502,5,5,1,60,15
15,0.0965,3,3,3,60,45
15,0.1369,8,8,3,60,15
59,0.1671,6,6,1,60,15
59,0.2244,4,4,1,60,15
59,0.2072,5,5,1,60,15
59,0.1493,3,3,3,60,45
59,0.0657,8,8,3,60,15
36,0.1488,6,6,1,60,15
36,0.182,4,4,1,60,15
36,0.156,5,5,1,60,15
36,0.1302,3,3,3,60,45
36,0.0869,8,8,4,60,15
6,0.0868,6,6,1,60,15
6,0.1445,4,4,1,60,15
6,0.1296,5,5,1,60,15
6,0.0708,3,3,3,60,45
6,0.0938,8,8,5,60,15
43,0.0692,6,6,2,60,15
43,0.0567,4,4,1,60,15
43,0.034,5,5,1,60,15
43,0.0722,3,3,3,60,45
43,0.1819,8,8,5,60,15
53,0.1585,6,0,0,60,0
53,0.2163,4,0,0,60,0
53,0.2014,5,0,0,60,0
53,0.1427,3,0,0,60,0
53,0.0868,8,0,0,60,0
28,0.0715,6,0,0,60,0
28,0.1269,4,0,0,60,0
28,0.118,5,0,0,60,0
28,0.0638,3,0,0,60,0
28,0.1308,8,1,0,60,0
26,0.0863,6,1,0,60,0
26,0.0616,4,0,0,60,0
26,0.0449,5,0,0,60,0
26,0.091,3,0,0,60,0
26,0.1988,8,1,0,60,0
20,0.1139,6,1,0,60,0
20,0.1495,4,0,0,60,0
20,0.1238,5,1,0,60,0
20,0.0952,3,0,0,60,0
20,0.0868,8,1,0,60,0
43,0.0832,6,1,0,60,0
43,0.1403,4,0,0,60,0
43,0.1235,5,1,0,60,0
43,0.0652,3,0,0,60,0
43,0.087,8,2,0,60,0
69,0.0164,6,1,0,60,0
69,0.0518,4,0,0,60,0
69,0.0344,5,1,0,60,0
69,0.0244,3,0,0,60,0
69,0.1606,8,3,0,60,0
44,0.0548,6,2,0,60,0
44,0.1119,4,0,0,60,0
44,0.1007,5,1,0,60,0
44,0.0447,3,0,0,60,0
44,0.1268,8,3,0,60,0
29,0.1038,6,3,0,60,0
29,0.1487,4,0,0,60,0
29,0.1247,5,1,0,60,0
29,0.0832,3,0,0,60,0
29,0.068,8,3,0,60,0
26,0.169,6,3,0,60,0
26,0.2266,4,0,0,60,0
26,0.2127,5,1,0,60,0
26,0.154,3,0,0,60,0
26,0.0992,8,4,0,60,0
16,0.0541,6,3,0,60,0
16,0.0943,4,0,0,60,0
16,0.095,5,1,0,60,0
16,0.0624,3,0,0,60,0
16,0.1748,8,5,0,60,0
40,0.0161,6,3,0,60,0
40,0.0433,4,1,0,60,0
40,0.038,5,1,0,60,0
40,0.0367,3,0,0,60,0
40,0.1763,8,5,0,60,0
47,0.0932,6,3,0,60,0
47,0.1206,4,1,0,60,0
47,0.0945,5,2,0,60,0
47,0.0778,3,0,0,60,0
47,0.1155,8,5,0,60,0
16,0.163,6,3,0,60,0
16,0.2171,4,1,0,60,0
16,0.1962,5,2,0,60,0
16,0.1428,3,1,0,60,0
16,0.0211,8,5,0,60,0
40,0.1081,6,3,0,60,0
40,0.1548,4,1,0,60,0
40,0.1531,5,2,0,60,0
40,0.1074,3,1,0,60,0
40,0.1696,8,6,0,60,0
19,0.1028,6,4,0,60,0
19,0.1356,4,1,0,60,0
19,0.1411,5,2,0,60,0
19,0.1105,3,1,0,60,0
19,0.2038,8,6,0,60,0
5,0.0616,6,4,0,60,0
5,0.1007,4,2,0,60,0
5,0.0764,5,2,0,60,0
5,0.0439,3,1,0,60,0
5,0.1144,8,6,0,60,0
5,0.0756,6,4,0,60,0
5,0.0744,4,2,0,60,0
5,0.0905,5,3,0,60,0
5,0.0946,3,1,0,60,0
5,0.2265,8,6,0,60,0
7,0.0596,6,4,0,60,0
7,0.0747,4,3,0,60,0
7,0.0485,5,3,0,60,0
7,0.0533,3,1,0,60,0
7,0.1505,8,6,0,60,0
28,0.1527,6,4,0,60,0
28,0.1969,4,3,0,60,0
28,0.1722,5,4,0,60,0
28,0.132,3,1,0,60,0
28,0.0425,8,6,0,60,0
12,0.1582,6,4,0,60,0
12,0.2118,4,3,0,60,0
12,0.1906,5,4,0,60,0
12,0.1379,3,1,0,60,0
12,0.0162,8,7,0,60,0
12,0.0688,6,4,0,60,0
12,0.0524,4,3,0,60,0
12,0.0307,5,4,0,60,0
12,0.0732,3,1,0,60,0
12,0.186,8,8,0,60,15
6,0.0755,6,5,0,60,0
6,0.1324,4,3,0,60,0
6,0.1152,5,4,0,60,0
6,0.0571,3,1,0,60,0
6,0.0913,8,8,0,60,15
81,0.0713,6,5,0,60,0
81,0.072,4,3,0,60,0
81,0.0469,5,4,0,60,0
81,0.0689,3,2,0,60,0
81,0.1661,8,8,0,60,15
59,0.0881,6,5,0,60,0
59,0.0571,4,3,0,60,0
59,0.044,5,5,0,60,15
59,0.0947,3,2,0,60,0
59,0.2067,8,8,0,60,15
13,0.0825,6,5,0,60,0
13,0.0784,4,4,0,60,15
13,0.0547,5,5,0,60,15
13,0.0802,3,2,0,60,0
13,0.1719,8,8,0,60,15
11,0.048,6,5,0,60,0
11,0.1052,4,4,0,60,15
11,0.0894,5,5,0,60,15
11,0.0307,3,3,0,60,15
11,0.1163,8,8,0,60,15
8,0.1419,6,6,0,60,15
8,0.1991,4,4,0,60,15
8,0.187,5,5,0,60,15
8,0.1288,3,3,0,60,15
8,0.107,8,8,0,60,15
6,0.0372,6,6,0,60,15
6,0.0438,4,4,0,60,15
6,0.0191,5,5,0,60,15
6,0.0434,3,3,0,60,15
6,0.1704,8,8,1,60,15
6,0.0223,6,6,0,60,15
6,0.0799,4,4,0,60,15
6,0.0681,5,5,1,60,15
6,0.0169,3,3,0,60,15
6,0.1437,8,8,1,60,15
11,0.1516,6,6,0,60,15
11,0.2092,4,4,0,60,15
11,0.1929,5,5,1,60,15
11,0.1345,3,3,1,60,15
11,0.0713,8,8,1,60,15
18,0.1037,6,6,0,60,15
18,0.1558,4,4,0,60,15
18,0.1343,5,5,1,60,15
18,0.0829,3,3,1,60,15
18,0.0567,8,8,2,60,15
41,0.0534,6,6,0,60,15
41,0.0606,4,4,0,60,15
41,0.0345,5,5,1,60,15
41,0.0523,3,3,1,60,15
41,0.1626,8,8,3,60,15
11,0.0858,6,6,0,60,15
11,0.0902,4,4,0,60,15
11,0.1054,5,5,2,60,15
11,0.1034,3,3,1,60,15
11,0.2303,8,8,3,60,15
15,0.1281,6,6,1,60,15
15,0.1858,4,4,0,60,15
15,0.172,5,5,2,60,15
15,0.1133,3,3,1,60,15
15,0.0909,8,8,3,60,15
37,0.1085,6,6,1,60,15
37,0.1651,4,4,0,60,15
37,0.147,5,5,2,60,15
37,0.0898,3,3,1,60,15
37,0.0647,8,8,4,60,15
31,0.1453,6,6,1,60,15
31,0.1769,4,4,0,60,15
31,0.1508,5,5,2,60,15
31,0.1271,3,3,1,60,15
31,0.0922,8,8,5,60,15
18,0.0959,6,6,1,60,15
18,0.1105,4,4,0,60,15
18,0.0847,5,5,2,60,15
18,0.0851,3,3,1,60,15
18,0.1405,8,8,6,60,15
17,0.1785,6,6,1,60,15
17,0.2362,4,4,0,60,15
17,0.2204,5,5,3,60,15
17,0.1619,3,3,1,60,15
17,0.085,8,8,6,60,15
66,0.0864,6,0,0,60,0
66,0.035,4,0,0,60,0
66,0.0412,5,0,0,60,0
66,0.1,3,0,0,60,0
66,0.2277,8,0,0,60,0
43,0.1283,6,1,0,60,0
43,0.1854,4,0,0,60,0
43,0.1737,5,0,0,60,0
43,0.1157,3,0,0,60,0
43,0.1081,8,0,0,60,0
79,0.0486,6,1,0,60,0
79,0.0941,4,0,0,60,0
79,0.0921,5,0,0,60,0
79,0.0543,3,0,0,60,0
79,0.1652,8,1,0,60,0
61,0.0101,6,2,0,60,0
61,0.0667,4,0,0,60,0
61,0.0529,5,0,0,60,0
61,0.0111,3,0,0,60,0
61,0.1503,8,1,0,60,0
17,0.0918,6,2,0,60,0
17,0.0637,4,0,0,60,0
17,0.0492,5,0,0,60,0
17,0.097,3,0,0,60,0
17,0.2048,8,2,0,60,0
58,0.0521,6,2,0,60,0
58,0.1009,4,0,0,60,0
58,0.0972,5,1,0,60,0
58,0.0544,3,0,0,60,0
58,0.1579,8,2,0,60,0
59,0.0828,6,3,0,60,0
59,0.1239,4,0,0,60,0
59,0.1251,5,1,0,60,0
59,0.0874,3,0,0,60,0
59,0.1786,8,2,0,60,0
38,0.1554,6,3,0,60,0
38,0.1949,4,0,0,60,0
38,0.1694,5,1,0,60,0
38,0.1354,3,0,0,60,0
38,0.0633,8,3,0,60,0
6,0.0719,6,3,0,60,0
6,0.1232,4,0,0,60,0
6,0.118,5,1,0,60,0
6,0.0694,3,0,0,60,0
6,0.1489,8,4,0,60,0
77,0.0725,6,3,0,60,0
77,0.0477,4,0,0,60,0
77,0.0298,5,2,0,60,0
77,0.0791,3,0,0,60,0
77,0.195,8,4,0,60,0
45,0.085,6,3,0,60,0
45,0.1155,4,1,0,60,0
45,0.1215,5,2,0,60,0
45,0.0948,3,0,0,60,0
45,0.1999,8,4,0,60,0
42,0.0684,6,4,0,60,0
42,0.0713,4,1,0,60,0
42,0.0459,5,2,0,60,0
42,0.0655,3,0,0,60,0
42,0.1636,8,4,0,60,0
87,0.0271,6,4,0,60,0
87,0.0799,4,1,0,60,0
87,0.0618,5,3,0,60,0
87,0.0063,3,0,0,60,0
87,0.1339,8,4,0,60,0
37,0.0852,6,4,0,60,0
37,0.0311,4,1,0,60,0
37,0.0418,5,3,0,60,0
37,0.1,3,1,0,60,0
37,0.2301,8,4,0,60,0
24,0.0716,6,4,0,60,0
24,0.1017,4,2,0,60,0
24,0.076,5,3,0,60,0
24,0.0567,3,1,0,60,0
24,0.1215,8,4,0,60,0
6,0.0433,6,4,0,60,0
6,0.0703,4,2,0,60,0
6,0.0454,5,3,0,60,0
6,0.0356,3,1,0,60,0
6,0.1451,8,5,0,60,0
8,0.1683,6,4,0,60,0
8,0.226,4,2,0,60,0
8,0.2101,5,3,0,60,0
8,0.1517,3,2,0,60,0
8,0.08,8,5,0,60,0
10,0.0864,6,4,0,60,0
10,0.1209,4,2,0,60,0
10,0.1253,5,3,0,60,0
10,0.0943,3,2,0,60,0
10,0.1934,8,6,0,60,0
58,0.0412,6,5,0,60,0
58,0.0925,4,2,0,60,0
58,0.087,5,3,0,60,0
58,0.0431,3,2,0,60,0
58,0.1539,8,6,0,60,0
23,0.069,6,5,0,60,0
23,0.0166,4,2,0,60,0
23,0.0269,5,4,0,60,0
23,0.0842,3,2,0,60,0
23,0.2164,8,6,0,60,0
22,0.1074,6,5,0,60,0
22,0.1378,4,3,0,60,0
22,0.1444,5,4,0,60,0
22,0.1159,3,2,0,60,0
22,0.2107,8,6,0,60,0
45,0.1027,6,6,0,60,15
45,0.1411,4,3,0,60,0
45,0.144,5,4,0,60,0
45,0.1076,3,2,0,60,0
45,0.1917,8,6,0,60,0
33,0.0932,6,6,0,60,15
33,0.1462,4,3,0,60,0
33,0.1398,5,4,0,60,0
33,0.0875,3,3,0,60,15
33,0.141,8,6,0,60,0
43,0.0871,6,6,0,60,15
43,0.1074,4,3,0,60,0
43,0.1175,5,4,0,60,0
43,0.1006,3,3,0,60,15
43,0.2153,8,7,0,60,0
12,0.1598,6,6,0,60,15
12,0.1888,4,4,0,60,15
12,0.1627,5,4,0,60,0
12,0.142,3,3,0,60,15
12,0.1021,8,7,0,60,0
31,0.1551,6,6,0,60,15
31,0.2128,4,4,0,60,15
31,0.1987,5,4,0,60,0
31,0.14,3,3,0,60,15
31,0.093,8,8,0,60,15
10,0.0744,6,6,0,60,15
10,0.0965,4,4,0,60,15
10,0.0704,5,5,0,60,15
10,0.0625,3,3,0,60,15
10,0.1335,8,8,0,60,15
76,0.1107,6,6,0,60,15
76,0.1614,4,4,0,60,15
76,0.157,5,5,0,60,15
76,0.1067,3,3,1,60,15
76,0.1543,8,8,0,60,15
33,0.0183,6,6,0,60,15
33,0.0491,4,4,0,60,15
33,0.0469,5,5,0,60,15
33,0.0389,3,3,2,60,15
33,0.1775,8,8,0,60,15
12,0.1162,6,6,1,60,15
12,0.1566,4,4,0,60,15
12,0.1315,5,5,0,60,15
12,0.0963,3,3,2,60,15
12,0.0717,8,8,0,60,15
40,0.1065,6,6,1,60,15
40,0.1412,4,4,0,60,15
40,0.1155,5,5,0,60,15
40,0.0882,3,3,2,60,15
40,0.0925,8,8,1,60,15
23,0.0444,6,6,1,60,15
23,0.0985,4,4,0,60,15
23,0.0799,5,5,0,60,15
23,0.0238,3,3,3,60,45
23,0.116,8,8,1,60,15
77,0.0727,6,6,2,60,15
77,0.015,4,4,0,60,15
77,0.0382,5,5,0,60,15
77,0.0903,3,3,3,60,45
77,0.2264,8,8,1,60,15
48,0.1664,6,6,2,60,15
48,0.1975,4,4,1,60,15
48,0.1714,5,5,0,60,15
48,0.148,3,3,3,60,45
48,0.0961,8,8,1,60,15
10,0.1122,6,6,2,60,15
10,0.1446,4,4,1,60,15
10,0.1187,5,5,0,60,15
10,0.0944,3,3,3,60,45
10,0.0962,8,8,2,60,15
37,0.0859,6,6,2,60,15
37,0.0313,4,4,1,60,15
37,0.0427,5,5,0,60,15
37,0.1008,3,3,3,60,45
37,0.2313,8,8,3,60,15
23,0.0699,6,6,2,60,15
23,0.1242,4,4,2,60,15
23,0.1047,5,5,0,60,15
23,0.0495,3,3,3,60,45
23,0.0908,8,8,3,60,15
69,0.0958,6,6,3,60,15
69,0.1136,4,4,2,60,15
69,0.0876,5,5,0,60,15
69,0.0837,3,3,3,60,45
69,0.1342,8,8,3,60,15
37,0.1431,6,6,3,60,15
37,0.1954,4,4,2,60,15
37,0.1735,5,5,1,60,15
37,0.1224,3,3,3,60,45
37,0.0178,8,8,3,60,15
70,0.0812,6,6,3,60,15
70,0.0865,4,4,2,60,15
70,0.0613,5,5,1,60,15
70,0.0755,3,3,3,60,45
70,0.1584,8,8,4,60,15
18,0.0483,6,6,3,60,15
18,0.0816,4,4,2,60,15
18,0.0847,5,5,2,60,15
18,0.0611,3,3,3,60,45
18,0.1834,8,8,4,60,15
59,0.0576,6,0,0,60,0
59,0.1042,4,0,0,60,0
59,0.1019,5,0,0,60,0
59,0.061,3,0,0,60,0
59,0.1628,8,0,0,60,0
14,0.098,6,1,0,60,0
14,0.1358,4,0,0,60,0
14,0.1106,5,0,0,60,0
14,0.0791,3,0,0,60,0
14,0.0895,8,0,0,60,0
7,0.0398,6,1,0,60,0
7,0.0975,4,0,0,60,0
7,0.0851,5,0,0,60,0
7,0.0288,3,0,0,60,0
7,0.1308,8,1,0,60,0
31,0.1305,6,1,0,60,0
31,0.1544,4,0,0,60,0
31,0.1283,5,0,0,60,0
31,0.1147,3,0,0,60,0
31,0.1155,8,2,0,60,0
53,0.0441,6,1,0,60,0
53,0.0999,4,0,0,60,0
53,0.0826,5,0,0,60,0
53,0.0246,3,0,0,60,0
53,0.117,8,3,0,60,0
5,0.1022,6,2,0,60,0
5,0.1579,4,0,0,60,0
5,0.1388,5,0,0,60,0
5,0.0826,3,0,0,60,0
5,0.0641,8,3,0,60,0
22,0.0435,6,2,0,60,0
22,0.1006,4,0,0,60,0
22,0.0847,5,0,0,60,0
22,0.026,3,0,0,60,0
22,0.1197,8,4,0,60,0
9,0.0816,6,2,0,60,0
9,0.0968,4,0,0,60,0
9,0.0708,5,1,0,60,0
9,0.0718,3,0,0,60,0
9,0.1425,8,4,0,60,0
25,0.015,6,2,0,60,0
25,0.0458,4,0,0,60,0
25,0.0318,5,2,0,60,0
25,0.0295,3,0,0,60,0
25,0.1676,8,4,0,60,0
19,0.0441,6,3,0,60,0
19,0.0415,4,0,0,60,0
19,0.0155,5,2,0,60,0
19,0.0508,3,0,0,60,0
19,0.1757,8,4,0,60,0
70,0.0554,6,3,0,60,0
70,0.0953,4,1,0,60,0
70,0.0962,5,2,0,60,0
70,0.0637,3,0,0,60,0
70,0.1756,8,4,0,60,0
47,0.1633,6,4,0,60,0
47,0.2207,4,1,0,60,0
47,0.2081,5,2,0,60,0
47,0.1496,3,0,0,60,0
47,0.1084,8,4,0,60,0
9,0.0393,6,4,0,60,0
9,0.0906,4,1,0,60,0
9,0.0708,5,2,0,60,0
9,0.0185,3,0,0,60,0
9,0.1221,8,5,0,60,0
15,0.0931,6,4,0,60,0
15,0.1152,4,1,0,60,0
15,0.0891,5,2,0,60,0
15,0.0797,3,1,0,60,0
15,0.1265,8,5,0,60,0
40,0.0663,6,4,0,60,0
40,0.0269,4,1,0,60,0
40,0.051,5,3,0,60,0
40,0.0867,3,1,0,60,0
40,0.2262,8,5,0,60,0
81,0.1053,6,4,0,60,0
81,0.1475,4,2,0,60,0
81,0.1229,5,3,0,60,0
81,0.0851,3,1,0,60,0
81,0.0734,8,5,0,60,0
11,0.07,6,4,0,60,0
11,0.0178,4,2,0,60,0
11,0.0275,5,3,0,60,0
11,0.085,3,1,0,60,0
11,0.2169,8,6,0,60,0
35,0.0686,6,4,0,60,0
35,0.1162,4,3,0,60,0
35,0.0937,5,3,0,60,0
35,0.048,3,1,0,60,0
35,0.0959,8,6,0,60,0
21,0.1095,6,4,0,60,0
21,0.1571,4,3,0,60,0
21,0.1548,5,3,0,60,0
21,0.1081,3,2,0,60,0
21,0.1667,8,6,0,60,0
34,0.1661,6,5,0,60,0
34,0.2236,4,3,0,60,0
34,0.2065,5,3,0,60,0
34,0.1486,3,2,0,60,0
34,0.0676,8,6,0,60,0
10,0.0911,6,5,0,60,0
10,0.1181,4,3,0,60,0
10,0.092,5,3,0,60,0
10,0.076,3,2,0,60,0
10,0.1173,8,7,0,60,0
37,0.0927,6,5,0,60,0
37,0.0418,4,3,0,60,0
37,0.0471,5,4,0,60,0
37,0.1058,3,2,0,60,0
37,0.2318,8,7,0,60,0
32,0.092,6,5,0,60,0
32,0.1451,4,4,0,60,15
32,0.1386,5,4,0,60,0
32,0.0863,3,2,0,60,0
32,0.1406,8,7,0,60,0
80,0.1696,6,5,0,60,0
80,0.2259,4,4,0,60,15
80,0.207,5,4,0,60,0
80,0.1506,3,3,0,60,15
80,0.0483,8,7,0,60,0
17,0.0614,6,5,0,60,0
17,0.1192,4,4,0,60,15
17,0.1048,5,4,0,60,0
17,0.0462,3,3,0,60,15
17,0.1107,8,8,0,60,15
5,0.0883,6,6,0,60,15
5,0.099,4,4,0,60,15
5,0.0734,5,4,0,60,0
5,0.0796,3,3,0,60,15
5,0.1487,8,8,0,60,15
56,0.1008,6,6,0,60,15
56,0.1586,4,4,0,60,15
56,0.1443,5,5,0,60,15
56,0.0856,3,3,0,60,15
56,0.0924,8,8,0,60,15
7,0.1668,6,6,0,60,15
7,0.2245,4,4,0,60,15
7,0.2105,5,5,0,60,15
7,0.1518,3,3,1,60,15
7,0.0975,8,8,0,60,15
28,0.0465,6,6,0,60,15
28,0.0759,4,4,0,60,15
28,0.0803,5,5,0,60,15
28,0.0612,3,3,1,60,15
28,0.1872,8,8,1,60,15
36,0.085,6,6,1,60,15
36,0.1385,4,4,0,60,15
36,0.1316,5,5,0,60,15
36,0.0791,3,3,1,60,15
36,0.1385,8,8,1,60,15
38,0.0782,6,6,1,60,15
38,0.1304,4,4,0,60,15
38,0.1246,5,5,0,60,15
38,0.0744,3,3,2,60,15
38,0.1453,8,8,1,60,15
28,0.051,6,6,1,60,15
28,0.1055,4,4,0,60,15
28,0.0976,5,5,0,60,15
28,0.0469,3,3,3,60,45
28,0.1417,8,8,1,60,15
31,0.0863,6,6,2,60,15
31,0.1332,4,4,0,60,15
31,0.1312,5,5,0,60,15
31,0.0867,3,3,3,60,45
31,0.1641,8,8,1,60,15
13,0.1663,6,6,3,60,15
13,0.1969,4,4,0,60,15
13,0.1708,5,5,0,60,15
13,0.1481,3,3,3,60,45
13,0.0981,8,8,1,60,15
11,0.0925,6,6,3,60,15
11,0.1487,4,4,0,60,15
11,0.1304,5,5,0,60,15
11,0.0733,3,3,3,60,45
11,0.0743,8,8,2,60,15
42,0.1245,6,6,3,60,15
42,0.1523,4,4,0,60,15
42,0.1262,5,5,0,60,15
42,0.1077,3,3,3,60,45
42,0.1054,8,8,3,60,15
8,0.1484,6,6,3,60,15
8,0.2061,4,4,0,60,15
8,0.1924,5,5,0,60,15
8,0.1338,3,3,3,60,45
8,0.0951,8,8,4,60,15
21,0.1135,6,6,3,60,15
21,0.1702,4,4,0,60,15
21,0.1523,5,5,0,60,15
21,0.0949,3,3,3,60,45
21,0.0627,8,8,5,60,15
55,0.0353,6,0,0,60,0
55,0.0241,4,0,0,60,0
55,0.0284,5,0,0,60,0
55,0.0548,3,0,0,60,0
55,0.1939,8,0,0,60,0
33,0.0771,6,1,0,60,0
33,0.0852,4,0,0,60,0
33,0.0988,5,0,0,60,0
33,0.0943,3,0,0,60,0
33,0.2212,8,0,0,60,0
47,0.0306,6,1,0,60,0
47,0.0748,4,0,0,60,0
47,0.0724,5,0,0,60,0
47,0.0418,3,0,0,60,0
47,0.1682,8,1,0,60,0
27,0.0552,6,2,0,60,0
27,0.1071,4,0,0,60,0
27,0.0866,5,0,0,60,0
27,0.0343,3,0,0,60,0
27,0.1056,8,1,0,60,0
67,0.1582,6,2,0,60,0
67,0.2093,4,0,0,60,0
67,0.1867,5,0,0,60,0
67,0.1374,3,0,0,60,0
67,0.0041,8,2,0,60,0
49,0.0359,6,2,0,60,0
49,0.0747,4,0,0,60,0
49,0.0748,5,0,0,60,0
49,0.0487,3,0,0,60,0
49,0.1748,8,3,0,60,0
38,0.1588,6,2,0,60,0
38,0.1912,4,0,0,60,0
38,0.1652,5,1,0,60,0
38,0.1402,3,0,0,60,0
38,0.0903,8,3,0,60,0
27,0.0784,6,2,0,60,0
27,0.1122,4,0,0,60,0
27,0.0868,5,1,0,60,0
27,0.0616,3,0,0,60,0
27,0.1106,8,4,0,60,0
43,0.084,6,3,0,60,0
43,0.0925,4,0,0,60,0
43,0.067,5,1,0,60,0
43,0.0766,3,0,0,60,0
43,0.153,8,4,0,60,0
9,0.039,6,3,0,60,0
9,0.0306,4,0,0,60,0
9,0.0407,5,2,0,60,0
9,0.0598,3,0,0,60,0
9,0.1994,8,4,0,60,0
61,0.0289,6,3,0,60,0
61,0.0855,4,1,0,60,0
61,0.0698,5,2,0,60,0
61,0.0111,3,0,0,60,0
61,0.1321,8,4,0,60,0
54,0.0079,6,3,0,60,0
54,0.0529,4,1,0,60,0
54,0.0452,5,2,0,60,0
54,0.0287,3,1,0,60,0
54,0.1679,8,4,0,60,0
10,0.1573,6,4,0,60,0
10,0.1899,4,1,0,60,0
10,0.1639,5,2,0,60,0
10,0.1386,3,1,0,60,0
10,0.0892,8,4,0,60,0
13,0.0942,6,4,0,60,0
13,0.0931,4,1,0,60,0
13,0.0693,5,2,0,60,0
13,0.0894,3,1,0,60,0
13,0.1677,8,5,0,60,0
33,0.15,6,4,0,60,0
33,0.2078,4,1,0,60,0
33,0.1932,5,3,0,60,0
33,0.1345,3,1,0,60,0
33,0.0867,8,5,0,60,0
53,0.0709,6,4,0,60,0
53,0.0455,4,1,0,60,0
53,0.0278,5,3,0,60,0
53,0.078,3,1,0,60,0
53,0.1953,8,6,0,60,0
53,0.1045,6,4,0,60,0
53,0.1611,4,2,0,60,0
53,0.1431,5,3,0,60,0
53,0.0857,3,1,0,60,0
53,0.0677,8,6,0,60,0
28,0.1122,6,4,0,60,0
28,0.1353,4,2,0,60,0
28,0.1092,5,3,0,60,0
28,0.0974,3,1,0,60,0
28,0.1196,8,7,0,60,0
26,0.0984,6,4,0,60,0
26,0.1381,4,2,0,60,0
26,0.1403,5,3,0,60,0
26,0.1028,3,2,0,60,0
26,0.1868,8,7,0,60,0
21,0.0469,6,5,0,60,0
21,0.0451,4,2,0,60,0
21,0.0576,5,3,0,60,0
21,0.0676,3,2,0,60,0
21,0.2055,8,7,0,60,0
48,0.0875,6,5,0,60,0
48,0.1146,4,3,0,60,0
48,0.0886,5,3,0,60,0
48,0.0725,3,2,0,60,0
48,0.1184,8,7,0,60,0
60,0.0772,6,5,0,60,0
60,0.1093,4,3,0,60,0
60,0.1145,5,4,0,60,0
60,0.087,3,2,0,60,0
60,0.1941,8,7,0,60,0
25,0.062,6,6,0,60,15
25,0.0228,4,3,0,60,0
25,0.0463,5,4,0,60,0
25,0.0823,3,2,0,60,0
25,0.2217,8,7,0,60,0
43,0.0649,6,6,0,60,15
43,0.1193,4,4,0,60,15
43,0.1115,5,4,0,60,0
43,0.0591,3,2,0,60,0
43,0.1374,8,7,0,60,0
49,0.1168,6,6,0,60,15
49,0.142,4,4,0,60,15
49,0.1159,5,4,0,60,0
49,0.1011,3,3,0,60,15
49,0.1137,8,7,0,60,0
56,0.1352,6,6,0,60,15
56,0.1924,4,4,0,60,15
56,0.1804,5,4,0,60,0
56,0.1222,3,3,0,60,15
56,0.1056,8,8,0,60,15
5,0.0639,6,6,0,60,15
5,0.0737,4,4,0,60,15
5,0.0477,5,5,0,60,15
5,0.059,3,3,0,60,15
5,0.1558,8,8,0,60,15
39,0.0644,6,6,0,60,15
39,0.0907,4,4,0,60,15
39,0.0649,5,5,1,60,15
39,0.052,3,3,0,60,15
39,0.1321,8,8,0,60,15
6,0.0511,6,6,0,60,15
6,0.0404,4,4,0,60,15
6,0.0149,5,5,1,60,15
6,0.0581,3,3,1,60,15
6,0.1811,8,8,0,60,15
12,0.0766,6,6,0,60,15
12,0.1005,4,4,0,60,15
12,0.0744,5,5,2,60,15
12,0.0638,3,3,1,60,15
12,0.1295,8,8,0,60,15
33,0.0408,6,6,0,60,15
33,0.0895,4,4,0,60,15
33,0.0855,5,5,2,60,15
33,0.0455,3,3,2,60,15
33,0.1597,8,8,0,60,15
59,0.0285,6,6,1,60,15
59,0.0409,4,4,0,60,15
59,0.0204,5,5,2,60,15
59,0.0383,3,3,2,60,15
59,0.1711,8,8,0,60,15
34,0.0475,6,6,1,60,15
34,0.0156,4,4,0,60,15
34,0.011,5,5,3,60,15
34,0.0627,3,3,2,60,15
34,0.1972,8,8,0,60,15
33,0.0987,6,6,1,60,15
33,0.1291,4,4,0,60,15
33,0.1032,5,5,4,60,15
33,0.082,3,3,2,60,15
33,0.1066,8,8,0,60,15
24,0.1081,6,6,1,60,15
24,0.1612,4,4,0,60,15
24,0.1547,5,5,4,60,15
24,0.1017,3,3,3,60,45
24,0.1413,8,8,0,60,15
81,0.1096,6,6,2,60,15
81,0.1673,4,4,0,60,15
81,0.1529,5,5,4,60,15
81,0.0942,3,3,3,60,45
81,0.0889,8,8,0,60,15
7,0.0973,6,6,2,60,15
7,0.0542,4,4,0,60,15
7,0.0507,5,5,4,60,15
7,0.1072,3,3,3,60,45
7,0.2254,8,8,1,60,15
5,0.1633,6,6,2,60,15
5,0.2171,4,4,0,60,15
5,0.1959,5,5,5,60,45
5,0.143,3,3,3,60,45
5,0.0182,8,8,1,60,15
5,0.0667,6,6,2,60,15
5,0.1095,4,4,0,60,15
5,0.1094,5,5,5,60,45
5,0.0717,3,3,3,60,45
5,0.1717,8,8,2,60,15
5,0.1119,6,6,3,60,15
5,0.1642,4,4,0,60,15
5,0.1584,5,5,5,60,45
5,0.1064,3,3,3,60,45
5,0.1468,8,8,2,60,15
8,0.116,6,6,4,60,15
8,0.1722,4,4,0,60,15
8,0.1535,5,5,5,60,45
8,0.0969,3,3,3,60,45
8,0.0564,8,8,2,60,15
79,0.1286,6,6,4,60,15
79,0.1827,4,4,0,60,15
79,0.162,5,5,5,60,45
79,0.1083,3,3,3,60,45
79,0.0357,8,8,3,60,15
17,0.1468,6,6,4,60,15
17,0.2045,4,4,0,60,15
17,0.1908,5,5,5,60,45
17,0.1321,3,3,3,60,45
17,0.0936,8,8,4,60,15
29,0.1232,6,6,4,60,15
29,0.1805,4,4,0,60,15
29,0.1637,5,5,5,60,45
29,0.1055,3,3,3,60,45
29,0.0669,8,8,5,60,15
51,0.0785,6,6,4,60,15
51,0.1234,4,4,0,60,15
51,0.1224,5,5,5,60,45
51,0.0809,3,3,3,60,45
51,0.1685,8,8,6,60,15
56,0.0323,6,6,5,60,15
56,0.0805,4,4,0,60,15
56,0.0764,5,5,5,60,45
56,0.0399,3,3,3,60,45
56,0.1621,8,8,6,60,15
55,0.1332,6,6,6,60,45
55,0.1899,4,4,0,60,15
55,0.179,5,5,5,60,45
55,0.1214,3,3,3,60,45
55,0.1146,8,8,6,60,15
45,0.0687,6,0,0,60,0
45,0.0998,4,0,0,60,0
45,0.0743,5,0,0,60,0
45,0.0536,3,0,0,60,0
45,0.1217,8,0,0,60,0
52,0.0691,6,0,0,60,0
52,0.1201,4,0,0,60,0
52,0.0988,5,0,0,60,0
52,0.0481,3,0,0,60,0
52,0.0921,8,1,0,60,0
22,0.115,6,0,0,60,0
22,0.1331,4,0,0,60,0
22,0.1448,5,0,0,60,0
22,0.1278,3,0,0,60,0
22,0.2351,8,2,0,60,0
28,0.0288,6,1,0,60,0
28,0.0339,4,0,0,60,0
28,0.0178,5,0,0,60,0
28,0.0426,3,0,0,60,0
28,0.178,8,2,0,60,0
32,0.123,6,1,0,60,0
32,0.1807,4,0,0,60,0
32,0.1655,5,1,0,60,0
32,0.1068,3,0,0,60,0
32,0.0799,8,2,0,60,0
24,0.1827,6,1,0,60,0
24,0.2405,4,0,0,60,0
24,0.2255,5,1,0,60,0
24,0.1668,3,0,0,60,0
24,0.0948,8,3,0,60,0
19,0.0996,6,1,0,60,0
19,0.0591,4,0,0,60,0
19,0.0534,5,1,0,60,0
19,0.1084,3,0,0,60,0
19,0.2236,8,4,0,60,0
69,0.1734,6,2,0,60,0
69,0.211,4,0,0,60,0
69,0.1853,5,1,0,60,0
69,0.1536,3,0,0,60,0
69,0.0733,8,4,0,60,0
18,0.1531,6,2,0,60,0
18,0.1826,4,0,0,60,0
18,0.1565,5,1,0,60,0
18,0.1354,3,0,0,60,0
18,0.0996,8,5,0,60,0
51,0.1051,6,2,0,60,0
51,0.1556,4,0,0,60,0
51,0.1334,5,1,0,60,0
51,0.0841,3,0,0,60,0
51,0.0563,8,6,0,60,0
25,0.0517,6,3,0,60,0
25,0.0932,4,0,0,60,0
25,0.0932,5,1,0,60,0
25,0.0596,3,0,0,60,0
25,0.1724,8,6,0,60,0
9,0.1025,6,3,0,60,0
9,0.1508,4,1,0,60,0
9,0.148,5,1,0,60,0
9,0.1008,3,0,0,60,0
9,0.1623,8,6,0,60,0
6,0.187,6,3,0,60,0
6,0.2447,4,1,0,60,0
6,0.2285,5,2,0,60,0
6,0.1701,3,0,0,60,0
6,0.0862,8,6,0,60,0
34,0.0968,6,3,0,60,0
34,0.1345,4,1,0,60,0
34,0.1376,5,2,0,60,0
34,0.1025,3,0,0,60,0
34,0.1911,8,7,0,60,0
34,0.1476,6,4,0,60,0
34,0.2053,4,1,0,60,0
34,0.1897,5,2,0,60,0
34,0.1312,3,0,0,60,0
34,0.077,8,7,0,60,0
25,0.0368,6,4,0,60,0
25,0.0212,4,1,0,60,0
25,0.019,5,2,0,60,0
25,0.0542,3,1,0,60,0
25,0.1917,8,7,0,60,0
11,0.0903,6,4,0,60,0
11,0.1014,4,1,0,60,0
11,0.0758,5,3,0,60,0
11,0.0813,3,1,0,60,0
11,0.1478,8,7,0,60,0
27,0.0692,6,4,0,60,0
27,0.1196,4,2,0,60,0
27,0.1151,5,3,0,60,0
27,0.0679,3,1,0,60,0
27,0.1523,8,7,0,60,0
34,0.1213,6,4,0,60,0
34,0.1782,4,2,0,60,0
34,0.1668,5,3,0,60,0
34,0.109,3,2,0,60,0
34,0.1093,8,7,0,60,0
29,0.0942,6,5,0,60,0
29,0.1519,4,2,0,60,0
29,0.1373,5,3,0,60,0
29,0.0786,3,2,0,60,0
29,0.0924,8,7,0,60,0
10,0.0333,6,5,0,60,0
10,0.0523,4,2,0,60,0
10,0.0573,5,3,0,60,0
10,0.053,3,3,0,60,15
10,0.1893,8,7,0,60,0
46,0.084,6,5,0,60,0
46,0.1244,4,3,0,60,0
46,0.0998,5,3,0,60,0
46,0.0647,3,3,0,60,15
46,0.0938,8,7,0,60,0
17,0.0984,6,5,0,60,0
17,0.1455,4,3,0,60,0
17,0.1221,5,4,0,60,0
17,0.0776,3,3,0,60,15
17,0.0681,8,7,0,60,0
34,0.1282,6,5,0,60,0
34,0.1758,4,3,0,60,0
34,0.1522,5,4,0,60,0
34,0.1073,3,3,0,60,15
34,0.0409,8,8,0,60,15
39,0.0708,6,6,0,60,15
39,0.0959,4,3,0,60,0
39,0.0699,5,4,0,60,0
39,0.0581,3,3,0,60,15
39,0.1303,8,8,0,60,15
34,0.1429,6,6,0,60,15
34,0.1999,4,3,0,60,0
34,0.1884,5,5,0,60,15
34,0.1304,3,3,0,60,15
34,0.112,8,8,0,60,15
33,0.0511,6,6,0,60,15
33,0.0154,4,4,0,60,15
33,0.0108,5,5,0,60,15
33,0.0659,3,3,0,60,15
33,0.1993,8,8,0,60,15
33,0.0486,6,6,0,60,15
33,0.106,4,4,0,60,15
33,0.0941,5,5,1,60,15
33,0.0376,3,3,0,60,15
33,0.1272,8,8,0,60,15
54,0.0087,6,6,0,60,15
54,0.0658,4,4,0,60,15
54,0.0553,5,5,1,60,15
54,0.0185,3,3,1,60,15
54,0.1555,8,8,0,60,15
10,0.0572,6,6,1,60,15
10,0.115,4,4,0,60,15
10,0.1007,5,5,1,60,15
10,0.0422,3,3,1,60,15
10,0.1139,8,8,0,60,15
30,0.151,6,6,1,60,15
30,0.1839,4,4,0,60,15
30,0.1579,5,5,1,60,15
30,0.1324,3,3,2,60,15
30,0.0878,8,8,0,60,15
38,0.0069,6,6,1,60,15
38,0.06,4,4,0,60,15
38,0.0515,5,5,1,60,15
38,0.0245,3,3,2,60,15
38,0.1624,8,8,1,60,15
63,0.0588,6,6,2,60,15
63,0.1131,4,4,0,60,15
63,0.0939,5,5,1,60,15
63,0.0383,3,3,2,60,15
63,0.1017,8,8,1,60,15
5,0.0868,6,6,2,60,15
5,0.139,4,4,0,60,15
5,0.1333,5,5,1,60,15
5,0.0825,3,3,3,60,45
5,0.1452,8,8,1,60,15
7,0.0677,6,6,3,60,15
7,0.0868,4,4,0,60,15
7,0.0606,5,5,1,60,15
7,0.0581,3,3,3,60,45
7,0.1413,8,8,1,60,15
31,0.02,6,6,3,60,15
31,0.0393,4,4,0,60,15
31,0.027,5,5,2,60,15
31,0.0361,3,3,3,60,45
31,0.1741,8,8,1,60,15
23,0.136,6,6,4,60,15
23,0.1926,4,4,0,60,15
23,0.1744,5,5,2,60,15
23,0.1173,3,3,3,60,45
23,0.0518,8,8,1,60,15
19,0.1141,6,6,4,60,15
19,0.1644,4,4,0,60,15
19,0.1602,5,5,2,60,15
19,0.1103,3,3,3,60,45
19,0.1569,8,8,2,60,15
29,0.0461,6,6,5,60,15
29,0.079,4,4,0,60,15
29,0.0821,5,5,2,60,15
29,0.0594,3,3,3,60,45
29,0.1833,8,8,2,60,15
5,0.1444,6,6,6,60,45
5,0.1818,4,4,0,60,15
5,0.1562,5,5,2,60,15
5,0.1248,3,3,3,60,45
5,0.0716,8,8,2,60,15
30,0.1178,6,6,6,60,45
30,0.1639,4,4,0,60,15
30,0.14,5,5,2,60,15
30,0.097,3,3,3,60,45
30,0.0535,8,8,3,60,15
27,0.1185,6,6,6,60,45
27,0.1749,4,4,0,60,15
27,0.1645,5,5,2,60,15
27,0.1075,3,3,3,60,45
27,0.1172,8,8,4,60,15
54,0.0321,6,6,6,60,45
54,0.0292,4,4,0,60,15
54,0.0329,5,5,2,60,15
54,0.0523,3,3,3,60,45
54,0.1918,8,8,5,60,15
13,0.0547,6,0,0,60,0
13,0.1124,4,0,0,60,0
13,0.0994,5,0,0,60,0
13,0.0417,3,0,0,60,0
13,0.1199,8,0,0,60,0
6,0.1086,6,0,0,60,0
6,0.1636,4,0,0,60,0
6,0.1551,5,0,0,60,0
6,0.0998,3,0,0,60,0
6,0.1288,8,1,0,60,0
10,0.1026,6,0,0,60,0
10,0.1361,4,0,0,60,0
10,0.1103,5,0,0,60,0
10,0.0848,3,0,0,60,0
10,0.0974,8,2,0,60,0
9,0.0506,6,0,0,60,0
9,0.0324,4,0,0,60,0
9,0.049,5,0,0,60,0
9,0.0715,3,0,0,60,0
9,0.211,8,3,0,60,0
43,0.0767,6,1,0,60,0
43,0.1117,4,0,0,60,0
43,0.1156,5,0,0,60,0
43,0.0852,3,0,0,60,0
43,0.1891,8,3,0,60,0
7,0.1101,6,2,0,60,0
7,0.1663,4,0,0,60,0
7,0.1563,5,0,0,60,0
7,0.0996,3,0,0,60,0
7,0.1192,8,3,0,60,0
20,0.151,6,2,0,60,0
20,0.2044,4,0,0,60,0
20,0.183,5,0,0,60,0
20,0.1306,3,0,0,60,0
20,0.0162,8,4,0,60,0
52,0.0909,6,2,0,60,0
52,0.0685,4,0,0,60,0
52,0.0511,5,0,0,60,0
52,0.0942,3,0,0,60,0
52,0.1974,8,5,0,60,0
36,0.0959,6,2,0,60,0
36,0.1223,4,0,0,60,0
36,0.1303,5,1,0,60,0
36,0.1067,3,0,0,60,0
36,0.2116,8,5,0,60,0
11,0.1137,6,3,0,60,0
11,0.1416,4,0,0,60,0
11,0.1155,5,1,0,60,0
11,0.0972,3,0,0,60,0
11,0.1074,8,5,0,60,0
51,0.0551,6,3,0,60,0
51,0.0027,4,0,0,60,0
51,0.0244,5,2,0,60,0
51,0.0727,3,0,0,60,0
51,0.2093,8,5,0,60,0
14,0.0641,6,3,0,60,0
14,0.1027,4,1,0,60,0
14,0.0782,5,2,0,60,0
14,0.0465,3,0,0,60,0
14,0.1132,8,5,0,60,0
25,0.0761,6,3,0,60,0
25,0.1255,4,1,0,60,0
25,0.1033,5,2,0,60,0
25,0.0552,3,1,0,60,0
25,0.0864,8,5,0,60,0
33,0.0968,6,4,0,60,0
33,0.1404,4,1,0,60,0
33,0.1162,5,2,0,60,0
33,0.0765,3,1,0,60,0
33,0.0768,8,5,0,60,0
73,0.0454,6,4,0,60,0
73,0.1022,4,1,0,60,0
73,0.0917,5,2,0,60,0
73,0.0373,3,1,0,60,0
73,0.1338,8,6,0,60,0
50,0.0668,6,4,0,60,0
50,0.095,4,1,0,60,0
50,0.0693,5,2,0,60,0
50,0.0532,3,2,0,60,0
50,0.1276,8,6,0,60,0
22,0.1461,6,4,0,60,0
22,0.187,4,1,0,60,0
22,0.1618,5,3,0,60,0
22,0.1259,3,2,0,60,0
22,0.0582,8,6,0,60,0
10,0.0498,6,4,0,60,0
10,0.0507,4,1,0,60,0
10,0.0632,5,3,0,60,0
10,0.0701,3,2,0,60,0
10,0.2068,8,7,0,60,0
17,0.0821,6,4,0,60,0
17,0.109,4,2,0,60,0
17,0.1164,5,3,0,60,0
17,0.0936,3,2,0,60,0
17,0.204,8,7,0,60,0
10,0.0234,6,5,0,60,0
10,0.0561,4,2,0,60,0
10,0.0558,5,3,0,60,0
10,0.0422,3,2,0,60,0
10,0.1782,8,7,0,60,0
24,0.0281,6,5,0,60,0
24,0.0542,4,2,0,60,0
24,0.032,5,4,0,60,0
24,0.0298,3,2,0,60,0
24,0.158,8,7,0,60,0
21,0.107,6,5,0,60,0
21,0.1485,4,3,0,60,0
21,0.1237,5,4,0,60,0
21,0.0869,3,2,0,60,0
21,0.0741,8,7,0,60,0
36,0.0372,6,5,0,60,0
36,0.0741,4,3,0,60,0
36,0.075,5,4,0,60,0
36,0.0505,3,2,0,60,0
36,0.1771,8,8,0,60,15
47,0.1355,6,6,0,60,15
47,0.1931,4,3,0,60,0
47,0.1765,5,4,0,60,0
47,0.1183,3,2,0,60,0
47,0.0679,8,8,0,60,15
26,0.0168,6,6,0,60,15
26,0.0436,4,3,0,60,0
26,0.0392,5,4,0,60,0
26,0.0376,3,3,0,60,15
26,0.1772,8,8,0,60,15
63,0.1291,6,6,0,60,15
63,0.1748,4,3,0,60,0
63,0.1507,5,5,0,60,15
63,0.1083,3,3,0,60,15
63,0.0464,8,8,0,60,15
37,0.1442,6,6,0,60,15
37,0.186,4,4,0,60,15
37,0.1609,5,5,0,60,15
37,0.1239,3,3,0,60,15
37,0.0548,8,8,0,60,15
20,0.0501,6,6,0,60,15
20,0.0265,4,4,0,60,15
20,0.0036,5,5,0,60,15
20,0.0617,3,3,0,60,15
20,0.1913,8,8,1,60,15
13,0.0863,6,6,0,60,15
13,0.1199,4,4,0,60,15
13,0.0943,5,5,1,60,15
13,0.0691,3,3,0,60,15
13,0.106,8,8,1,60,15
11,0.0958,6,6,0,60,15
11,0.1406,4,4,0,60,15
11,0.14,5,5,1,60,15
11,0.0972,3,3,1,60,15
11,0.1725,8,8,1,60,15
40,0.094,6,6,1,60,15
40,0.0423,4,4,0,60,15
40,0.0485,5,5,1,60,15
40,0.1073,3,3,1,60,15
40,0.2337,8,8,1,60,15
9,0.0965,6,6,1,60,15
9,0.143,4,4,1,60,15
9,0.1413,5,5,1,60,15
9,0.0965,3,3,1,60,15
9,0.1672,8,8,1,60,15
57,0.1397,6,6,2,60,15
57,0.1826,4,4,1,60,15
57,0.1577,5,5,1,60,15
57,0.1192,3,3,1,60,15
57,0.0519,8,8,1,60,15
31,0.0219,6,6,2,60,15
31,0.0797,4,4,1,60,15
31,0.0672,5,5,1,60,15
31,0.0147,3,3,1,60,15
31,0.1425,8,8,2,60,15
14,0.175,6,0,0,60,0
14,0.2123,4,0,0,60,0
14,0.1865,5,0,0,60,0
14,0.1553,3,0,0,60,0
14,0.0751,8,0,0,60,0
14,0.1279,6,0,0,60,0
14,0.1826,4,0,0,60,0
14,0.1624,5,0,0,60,0
14,0.1079,3,0,0,60,0
14,0.0393,8,1,0,60,0
20,0.0628,6,0,0,60,0
20,0.1203,4,0,0,60,0
20,0.1047,5,0,0,60,0
20,0.046,3,0,0,60,0
20,0.1058,8,2,0,60,0
9,0.1451,6,1,0,60,0
9,0.1757,4,0,0,60,0
9,0.1496,5,0,0,60,0
9,0.1272,3,0,0,60,0
9,0.0956,8,2,0,60,0
39,0.1264,6,1,0,60,0
39,0.1832,4,0,0,60,0
39,0.172,5,0,0,60,0
39,0.1144,3,0,0,60,0
39,0.1117,8,3,0,60,0
38,0.0157,6,1,0,60,0
38,0.0443,4,0,0,60,0
38,0.0392,5,0,0,60,0
38,0.0364,3,0,0,60,0
38,0.176,8,4,0,60,0
50,0.0393,6,2,0,60,0
50,0.0352,4,0,0,60,0
50,0.0453,5,0,0,60,0
50,0.0602,3,0,0,60,0
50,0.1995,8,4,0,60,0
22,0.1747,6,2,0,60,0
22,0.2076,4,0,0,60,0
22,0.1816,5,1,0,60,0
22,0.1559,3,0,0,60,0
22,0.092,8,4,0,60,0
20,0.1647,6,2,0,60,0
20,0.2091,4,0,0,60,0
20,0.1844,5,1,0,60,0
20,0.1439,3,0,0,60,0
20,0.0413,8,5,0,60,0
9,0.108,6,2,0,60,0
9,0.1495,4,0,0,60,0
9,0.1508,5,1,0,60,0
9,0.1109,3,0,0,60,0
9,0.1858,8,6,0,60,0
31,0.0426,6,3,0,60,0
31,0.1003,4,0,0,60,0
31,0.0864,5,1,0,60,0
31,0.0283,3,0,0,60,0
31,0.1246,8,6,0,60,0
16,0.0657,6,3,0,60,0
16,0.0304,4,0,0,60,0
16,0.0536,5,1,0,60,0
16,0.0864,3,1,0,60,0
16,0.226,8,6,0,60,0
61,0.0387,6,3,0,60,0
61,0.0953,4,1,0,60,0
61,0.0851,5,1,0,60,0
61,0.0323,3,1,0,60,0
61,0.1383,8,6,0,60,0
15,0.1813,6,3,0,60,0
15,0.239,4,1,0,60,0
15,0.2236,5,2,0,60,0
15,0.165,3,1,0,60,0
15,0.0904,8,6,0,60,0
49,0.1146,6,3,0,60,0
49,0.1712,4,1,0,60,0
49,0.1531,5,2,0,60,0
49,0.0959,3,1,0,60,0
49,0.0611,8,7,0,60,0
56,0.0511,6,4,0,60,0
56,0.0986,4,1,0,60,0
56,0.0956,5,2,0,60,0
56,0.0548,3,1,0,60,0
56,0.1611,8,7,0,60,0
8,0.165,6,4,0,60,0
8,0.2226,4,1,0,60,0
8,0.2061,5,3,0,60,0
8,0.1478,3,1,0,60,0
8,0.0729,8,7,0,60,0
25,0.1428,6,4,0,60,0
25,0.1756,4,1,0,60,0
25,0.1496,5,3,0,60,0
25,0.1244,3,1,0,60,0
25,0.0885,8,8,0,60,15
28,0.0955,6,4,0,60,0
28,0.1532,4,1,0,60,0
28,0.1398,5,3,0,60,0
28,0.0813,3,2,0,60,0
28,0.0992,8,8,0,60,15
54,0.0545,6,5,0,60,0
54,0.0749,4,1,0,60,0
54,0.0829,5,3,0,60,0
54,0.0709,3,2,0,60,0
54,0.1985,8,8,0,60,15
22,0.0593,6,5,0,60,0
22,0.0387,4,2,0,60,0
22,0.017,5,3,0,60,0
22,0.0672,3,2,0,60,0
22,0.1891,8,8,0,60,15
29,0.1611,6,5,0,60,0
29,0.2188,4,2,0,60,0
29,0.2034,5,4,0,60,0
29,0.1448,3,2,0,60,0
29,0.0815,8,8,0,60,15
38,0.0903,6,5,0,60,0
38,0.0813,4,2,0,60,0
38,0.0591,5,4,0,60,0
38,0.0889,3,3,0,60,15
38,0.1794,8,8,0,60,15
48,0.1302,6,5,0,60,0
48,0.1868,4,3,0,60,0
48,0.1686,5,4,0,60,0
48,0.1115,3,3,0,60,15
48,0.0532,8,8,0,60,15
39,0.0283,6,6,0,60,15
39,0.032,4,3,0,60,0
39,0.0191,5,4,0,60,0
39,0.0437,3,3,0,60,15
39,0.1803,8,8,0,60,15
38,0.1112,6,6,0,60,15
38,0.1621,4,3,0,60,0
38,0.1399,5,5,0,60,15
38,0.0903,3,3,0,60,15
38,0.0498,8,8,0,60,15
18,0.0809,6,6,0,60,15
18,0.0968,4,4,0,60,15
18,0.0708,5,5,0,60,15
18,0.0709,3,3,0,60,15
18,0.1416,8,8,0,60,15
41,0.115,6,6,0,60,15
41,0.139,4,4,0,60,15
41,0.1485,5,5,1,60,15
41,0.1258,3,3,0,60,15
41,0.2262,8,8,0,60,15
45,0.0897,6,6,1,60,15
45,0.0595,4,4,0,60,15
45,0.0461,5,5,1,60,15
45,0.0959,3,3,0,60,15
45,0.2065,8,8,0,60,15
18,0.0889,6,6,1,60,15
18,0.1397,4,4,0,60,15
18,0.1351,5,5,2,60,15
18,0.0858,3,3,0,60,15
18,0.1509,8,8,0,60,15
30,0.0611,6,6,1,60,15
30,0.0841,4,4,0,60,15
30,0.0582,5,5,2,60,15
30,0.0507,3,3,1,60,15
30,0.1387,8,8,0,60,15
29,0.1597,6,6,1,60,15
29,0.2173,4,4,0,60,15
29,0.2039,5,5,2,60,15
29,0.1453,3,3,2,60,15
29,0.1006,8,8,0,60,15
24,0.1274,6,6,1,60,15
24,0.1851,4,4,0,60,15
24,0.1693,5,5,2,60,15
24,0.1108,3,3,2,60,15
24,0.0754,8,8,1,60,15
14,0.1069,6,6,1,60,15
14,0.143,4,4,0,60,15
14,0.1471,5,5,2,60,15
14,0.1128,3,3,2,60,15
14,0.1987,8,8,2,60,15
47,0.0617,6,6,2,60,15
47,0.1029,4,4,0,60,15
47,0.079,5,5,2,60,15
47,0.0431,3,3,2,60,15
47,0.1111,8,8,2,60,15
22,0.071,6,6,2,60,15
22,0.1052,4,4,0,60,15
22,0.0799,5,5,2,60,15
22,0.0546,3,3,3,60,45
22,0.1151,8,8,2,60,15
6,0.0415,6,6,3,60,15
6,0.071,4,4,0,60,15
6,0.0466,5,5,2,60,15
6,0.033,3,3,3,60,45
6,0.1435,8,8,2,60,15
30,0.1382,6,6,4,60,15
30,0.1957,4,4,0,60,15
30,0.179,5,5,2,60,15
30,0.1208,3,3,3,60,45
30,0.0666,8,8,2,60,15
29,0.0579,6,6,4,60,15
29,0.1152,4,4,0,60,15
29,0.0992,5,5,2,60,15
29,0.0406,3,3,3,60,45
29,0.1081,8,8,3,60,15
51,0.0294,6,6,5,60,15
51,0.0644,4,4,0,60,15
51,0.0423,5,5,2,60,15
51,0.0235,3,3,3,60,45
51,0.1477,8,8,3,60,15
47,0.0271,6,6,6,60,45
47,0.0461,4,4,0,60,15
47,0.0487,5,5,2,60,15
47,0.0478,3,3,3,60,45
47,0.1861,8,8,3,60,15
70,0.1377,6,6,6,60,45
70,0.1953,4,4,1,60,15
70,0.1819,5,5,2,60,15
70,0.1232,3,3,3,60,45
70,0.0946,8,8,3,60,15
42,0.0629,6,0,0,60,0
42,0.0324,4,0,0,60,0
42,0.0168,5,0,0,60,0
42,0.073,3,0,0,60,0
42,0.1978,8,0,0,60,0
28,0.095,6,1,0,60,0
28,0.1046,4,0,0,60,0
28,0.0792,5,0,0,60,0
28,0.0861,3,0,0,60,0
28,0.1498,8,0,0,60,0
22,0.1188,6,1,0,60,0
22,0.1734,4,0,0,60,0
22,0.1654,5,0,0,60,0
22,0.1105,3,0,0,60,0
22,0.1333,8,1,0,60,0
29,0.0907,6,1,0,60,0
29,0.1481,4,0,0,60,0
29,0.1359,5,0,0,60,0
29,0.0779,3,0,0,60,0
29,0.1077,8,2,0,60,0
45,0.09,6,1,0,60,0
45,0.1214,4,0,0,60,0
45,0.0955,5,0,0,60,0
45,0.0733,3,0,0,60,0
45,0.1085,8,3,0,60,0
14,0.1512,6,2,0,60,0
14,0.2087,4,0,0,60,0
14,0.1922,5,0,0,60,0
14,0.134,3,0,0,60,0
14,0.0691,8,3,0,60,0
39,0.0987,6,2,0,60,0
39,0.1336,4,0,0,60,0
39,0.1381,5,0,0,60,0
39,0.1057,3,0,0,60,0
39,0.1978,8,4,0,60,0
34,0.0833,6,2,0,60,0
34,0.1233,4,0,0,60,0
34,0.0986,5,1,0,60,0
34,0.0641,3,0,0,60,0
34,0.0952,8,4,0,60,0
26,0.0268,6,3,0,60,0
26,0.0397,4,0,0,60,0
26,0.0419,5,1,0,60,0
26,0.0478,3,0,0,60,0
26,0.1871,8,4,0,60,0
16,0.0292,6,3,0,60,0
16,0.0782,4,1,0,60,0
16,0.0735,5,1,0,60,0
16,0.037,3,0,0,60,0
16,0.1612,8,4,0,60,0
44,0.0339,6,3,0,60,0
44,0.0806,4,1,0,60,0
44,0.0597,5,2,0,60,0
44,0.0162,3,0,0,60,0
44,0.1314,8,4,0,60,0
28,0.1127,6,3,0,60,0
28,0.1631,4,1,0,60,0
28,0.1588,5,2,0,60,0
28,0.1088,3,1,0,60,0
28,0.156,8,4,0,60,0
27,0.0896,6,3,0,60,0
27,0.1463,4,1,0,60,0
27,0.1356,5,2,0,60,0
27,0.0787,3,1,0,60,0
27,0.1165,8,5,0,60,0
63,0.0627,6,4,0,60,0
63,0.0522,4,1,0,60,0
63,0.0283,5,2,0,60,0
63,0.0663,3,1,0,60,0
63,0.1797,8,5,0,60,0
47,0.1368,6,4,0,60,0
47,0.1943,4,1,0,60,0
47,0.1813,5,3,0,60,0
47,0.1228,3,1,0,60,0
47,0.0987,8,5,0,60,0
38,0.0509,6,4,0,60,0
38,0.1073,4,1,0,60,0
38,0.0902,5,3,0,60,0
38,0.032,3,1,0,60,0
38,0.1113,8,6,0,60,0
5,0.1359,6,4,0,60,0
5,0.1926,4,1,0,60,0
5,0.1816,5,3,0,60,0
5,0.1239,3,2,0,60,0
5,0.1141,8,6,0,60,0
67,0.083,6,4,0,60,0
67,0.0449,4,1,0,60,0
67,0.0367,5,3,0,60,0
67,0.0924,3,2,0,60,0
67,0.212,8,7,0,60,0
28,0.1039,6,4,0,60,0
28,0.133,4,2,0,60,0
28,0.1069,5,3,0,60,0
28,0.0874,3,2,0,60,0
28,0.1075,8,7,0,60,0
26,0.0546,6,5,0,60,0
26,0.0874,4,2,0,60,0
26,0.0912,5,3,0,60,0
26,0.0666,3,2,0,60,0
26,0.1856,8,7,0,60,0
28,0.0756,6,5,0,60,0
28,0.1077,4,3,0,60,0
28,0.1128,5,3,0,60,0
28,0.0855,3,2,0,60,0
28,0.1935,8,7,0,60,0
10,0.0712,6,5,0,60,0
10,0.1202,4,3,0,60,0
10,0.098,5,4,0,60,0
10,0.0503,3,2,0,60,0
10,0.0917,8,7,0,60,0
16,0.0438,6,5,0,60,0
16,0.0344,4,3,0,60,0
16,0.0471,5,4,0,60,0
16,0.0647,3,3,0,60,15
16,0.204,8,7,0,60,0
47,0.1212,6,5,0,60,0
47,0.1778,4,4,0,60,15
47,0.1671,5,4,0,60,0
47,0.1098,3,3,0,60,15
47,0.1147,8,7,0,60,0
18,0.0553,6,5,0,60,0
18,0.0248,4,4,0,60,15
18,0.0087,5,4,0,60,0
18,0.0673,3,3,0,60,15
18,0.1964,8,8,0,60,15
18,0.0376,6,5,0,60,0
18,0.0202,4,4,0,60,15
18,0.0226,5,5,0,60,15
18,0.056,3,3,0,60,15
18,0.1942,8,8,0,60,15
30,0.0838,6,6,0,60,15
30,0.1196,4,4,0,60,15
30,0.1233,5,5,0,60,15
30,0.0912,3,3,0,60,15
30,0.19,8,8,0,60,15
51,0.0143,6,6,1,60,15
51,0.0707,4,4,0,60,15
51,0.0561,5,5,0,60,15
51,0.0073,3,3,0,60,15
51,0.1461,8,8,0,60,15
19,0.143,6,6,1,60,15
19,0.1985,4,4,0,60,15
19,0.1789,5,5,0,60,15
19,0.1234,3,3,1,60,15
19,0.0372,8,8,0,60,15
6,0.1608,6,6,1,60,15
6,0.207,4,4,0,60,15
6,0.1828,5,5,0,60,15
6,0.1399,3,3,1,60,15
6,0.0317,8,8,1,60,15
11,0.0318,6,6,1,60,15
11,0.0889,4,4,0,60,15
11,0.078,5,5,0,60,15
11,0.0256,3,3,1,60,15
11,0.1402,8,8,2,60,15
7,0.0692,6,6,1,60,15
7,0.1251,4,4,0,60,15
7,0.107,5,5,0,60,15
7,0.0498,3,3,2,60,15
7,0.0937,8,8,2,60,15
62,0.0804,6,6,1,60,15
62,0.1256,4,4,0,60,15
62,0.1021,5,5,0,60,15
62,0.06,3,3,3,60,45
62,0.0881,8,8,2,60,15
5,0.0987,6,6,2,60,15
5,0.1216,4,4,0,60,15
5,0.1311,5,5,0,60,15
5,0.1106,3,3,3,60,45
5,0.2184,8,8,2,60,15
34,0.1258,6,6,3,60,15
34,0.1786,4,4,0,60,15
34,0.1571,5,5,0,60,15
34,0.1052,3,3,3,60,45
34,0.035,8,8,2,60,15
32,0.0662,6,6,3,60,15
32,0.0801,4,4,0,60,15
32,0.0911,5,5,0,60,15
32,0.0831,3,3,3,60,45
32,0.21,8,8,3,60,15
28,0.0792,6,6,4,60,15
28,0.1266,4,4,0,60,15
28,0.1038,5,5,0,60,15
28,0.0584,3,3,3,60,45
28,0.0858,8,8,3,60,15
27,0.0768,6,6,5,60,15
27,0.1263,4,4,0,60,15
27,0.1225,5,5,0,60,15
27,0.0757,3,3,3,60,45
27,0.155,8,8,3,60,15
36,0.1309,6,6,6,60,45
36,0.1688,4,4,0,60,15
36,0.1433,5,5,0,60,15
36,0.1114,3,3,3,60,45
36,0.0732,8,8,3,60,15
47,0.1584,6,6,6,60,45
47,0.2077,4,4,0,60,15
47,0.1845,5,5,0,60,15
47,0.1374,3,3,3,60,45
47,0.0144,8,8,4,60,15
74,0.0714,6,6,6,60,45
74,0.1292,4,4,0,60,15
74,0.1151,5,5,0,60,15
74,0.0566,3,3,3,60,45
74,0.1062,8,8,5,60,15
6,0.0884,6,6,6,60,45
6,0.1411,4,4,0,60,15
6,0.1201,5,5,0,60,15
6,0.0677,3,3,3,60,45
6,0.072,8,8,6,60,15
56,0.0881,6,0,0,60,0
56,0.1337,4,0,0,60,0
56,0.1325,5,0,0,60,0
56,0.0893,3,0,0,60,0
56,0.1684,8,0,0,60,0
48,0.0294,6,0,0,60,0
48,0.0438,4,0,0,60,0
48,0.0221,5,0,0,60,0
48,0.0372,3,0,0,60,0
48,0.1684,8,1,0,60,0
5,0.0953,6,1,0,60,0
5,0.1128,4,0,0,60,0
5,0.1241,5,0,0,60,0
5,0.1091,3,0,0,60,0
5,0.2235,8,1,0,60,0
8,0.0387,6,2,0,60,0
8,0.0653,4,0,0,60,0
8,0.0409,5,0,0,60,0
8,0.0331,3,0,0,60,0
8,0.1489,8,1,0,60,0
16,0.0255,6,2,0,60,0
16,0.0791,4,0,0,60,0
16,0.0616,5,1,0,60,0
16,0.0046,3,0,0,60,0
16,0.1352,8,1,0,60,0
6,0.1495,6,2,0,60,0
6,0.1979,4,0,0,60,0
6,0.1744,5,1,0,60,0
6,0.1286,3,0,0,60,0
6,0.0228,8,2,0,60,0
21,0.1228,6,2,0,60,0
21,0.1698,4,0,0,60,0
21,0.1461,5,1,0,60,0
21,0.102,3,0,0,60,0
21,0.047,8,3,0,60,0
67,0.1251,6,2,0,60,0
67,0.1569,4,0,0,60,0
67,0.1309,5,1,0,60,0
67,0.1072,3,0,0,60,0
67,0.0939,8,4,0,60,0
11,0.1319,6,2,0,60,0
11,0.1682,4,0,0,60,0
11,0.1425,5,1,0,60,0
11,0.1127,3,0,0,60,0
11,0.078,8,5,0,60,0
40,0.0243,6,2,0,60,0
40,0.0349,4,0,0,60,0
40,0.0326,5,1,0,60,0
40,0.0443,3,0,0,60,0
40,0.1838,8,6,0,60,0
5,0.0964,6,3,0,60,0
5,0.1198,4,0,0,60,0
5,0.0937,5,1,0,60,0
5,0.0822,3,0,0,60,0
5,0.1226,8,6,0,60,0
24,0.091,6,3,0,60,0
24,0.1262,4,0,0,60,0
24,0.1304,5,2,0,60,0
24,0.0983,3,0,0,60,0
24,0.194,8,6,0,60,0
24,0.1043,6,3,0,60,0
24,0.1303,4,1,0,60,0
24,0.1387,5,2,0,60,0
24,0.1148,3,0,0,60,0
24,0.2168,8,6,0,60,0
30,0.1194,6,4,0,60,0
30,0.1733,4,1,0,60,0
30,0.166,5,2,0,60,0
30,0.1118,3,0,0,60,0
30,0.1382,8,6,0,60,0
37,0.0981,6,4,0,60,0
37,0.1532,4,1,0,60,0
37,0.1337,5,2,0,60,0
37,0.0782,3,1,0,60,0
37,0.0656,8,6,0,60,0
34,0.0737,6,4,0,60,0
34,0.0748,4,1,0,60,0
34,0.0498,5,2,0,60,0
34,0.0707,3,1,0,60,0
34,0.1652,8,7,0,60,0
29,0.0902,6,4,0,60,0
29,0.1356,4,1,0,60,0
29,0.1119,5,3,0,60,0
29,0.0696,3,1,0,60,0
29,0.0788,8,7,0,60,0
43,0.1182,6,4,0,60,0
43,0.1752,4,1,0,60,0
43,0.1577,5,3,0,60,0
43,0.1,3,2,0,60,0
43,0.0633,8,7,0,60,0
35,0.1286,6,4,0,60,0
35,0.1614,4,1,0,60,0
35,0.1354,5,3,0,60,0
35,0.1104,3,2,0,60,0
35,0.0902,8,8,0,60,15
11,0.0839,6,4,0,60,0
11,0.1416,4,2,0,60,0
11,0.1284,5,3,0,60,0
11,0.07,3,2,0,60,0
11,0.1047,8,8,0,60,15
58,0.072,6,5,0,60,0
58,0.0998,4,2,0,60,0
58,0.1064,5,3,0,60,0
58,0.084,3,2,0,60,0
58,0.1982,8,8,0,60,15
24,0.0609,6,5,0,60,0
24,0.0414,4,3,0,60,0
24,0.0605,5,3,0,60,0
24,0.0818,3,2,0,60,0
24,0.2206,8,8,0,60,15
12,0.1584,6,5,0,60,0
12,0.2133,4,3,0,60,0
12,0.1931,5,4,0,60,0
12,0.1385,3,2,0,60,0
12,0.0287,8,8,0,60,15
11,0.0223,6,5,0,60,0
11,0.036,4,3,0,60,0
11,0.0316,5,4,0,60,0
11,0.042,3,3,0,60,15
11,0.1814,8,8,0,60,15
24,0.0805,6,6,0,60,15
24,0.1346,4,3,0,60,0
24,0.1147,5,4,0,60,0
24,0.0601,3,3,0,60,15
24,0.0803,8,8,0,60,15
27,0.032,6,6,0,60,15
27,0.0449,4,3,0,60,0
27,0.0502,5,5,0,60,15
27,0.0527,3,3,0,60,15
27,0.1909,8,8,0,60,15
13,0.037,6,6,0,60,15
13,0.0873,4,4,0,60,15
13,0.0823,5,5,0,60,15
13,0.0411,3,3,0,60,15
13,0.1572,8,8,0,60,15
74,0.1119,6,6,1,60,15
74,0.1694,4,4,0,60,15
74,0.1565,5,5,0,60,15
74,0.098,3,3,0,60,15
74,0.0986,8,8,0,60,15
52,0.1032,6,6,1,60,15
52,0.1544,4,4,0,60,15
52,0.1495,5,5,0,60,15
52,0.099,3,3,1,60,15
52,0.1506,8,8,0,60,15
28,0.0343,6,6,1,60,15
28,0.0579,4,4,0,60,15
28,0.0621,5,5,0,60,15
28,0.0529,3,3,2,60,15
28,0.1874,8,8,0,60,15
34,0.1214,6,6,2,60,15
34,0.1788,4,4,0,60,15
34,0.1661,5,5,0,60,15
34,0.1077,3,3,2,60,15
34,0.0998,8,8,0,60,15
23,0.0716,6,6,2,60,15
23,0.1276,4,4,0,60,15
23,0.1096,5,5,0,60,15
23,0.0523,3,3,2,60,15
23,0.0917,8,8,1,60,15
24,0.0956,6,6,2,60,15
24,0.1488,4,4,0,60,15
24,0.1281,5,5,0,60,15
24,0.075,3,3,3,60,45
24,0.065,8,8,1,60,15
6,0.133,6,6,2,60,15
6,0.1647,4,4,0,60,15
6,0.1387,5,5,0,60,15
6,0.1149,3,3,3,60,45
6,0.0926,8,8,2,60,15
19,0.076,6,6,2,60,15
19,0.0783,4,4,0,60,15
19,0.0533,5,5,0,60,15
19,0.0722,3,3,3,60,45
19,0.1633,8,8,3,60,15
12,0.0125,6,6,2,60,15
12,0.0659,4,4,0,60,15
12,0.058,5,5,1,60,15
12,0.0248,3,3,3,60,45
12,0.1598,8,8,3,60,15
41,0.1294,6,6,3,60,15
41,0.1838,4,4,0,60,15
41,0.1759,5,5,1,60,15
41,0.1208,3,3,3,60,45
41,0.1358,8,8,3,60,15
11,0.1638,6,6,4,60,15
11,0.2212,4,4,0,60,15
11,0.2084,5,5,1,60,15
11,0.1499,3,3,3,60,45
11,0.1072,8,8,3,60,15
69,0.1503,6,6,4,60,15
69,0.1995,4,4,0,60,15
69,0.1763,5,5,1,60,15
69,0.1293,3,3,3,60,45
69,0.0181,8,8,4,60,15
30,0.1095,6,6,4,60,15
30,0.1453,4,4,0,60,15
30,0.1496,5,5,1,60,15
30,0.1155,3,3,3,60,45
30,0.2007,8,8,5,60,15
30,0.0623,6,6,5,60,15
30,0.1158,4,4,0,60,15
30,0.0961,5,5,1,60,15
30,0.0417,3,3,3,60,45
30,0.0981,8,8,5,60,15
8,0.056,6,6,6,60,45
8,0.1103,4,4,0,60,15
8,0.1026,5,5,1,60,15
8,0.0515,3,3,3,60,45
8,0.1407,8,8,5,60,15
54,0.1391,6,6,6,60,45
54,0.1748,4,4,0,60,15
54,0.149,5,5,2,60,15
54,0.12,3,3,3,60,45
54,0.0787,8,8,5,60,15
11,0.1529,6,6,6,60,45
11,0.1965,4,4,0,60,15
11,0.1717,5,5,2,60,15
11,0.1323,3,3,3,60,45
11,0.0453,8,8,6,60,15
13,0.1599,6,6,6,60,45
13,0.2154,4,4,0,60,15
13,0.1957,5,5,2,60,15
13,0.1403,3,3,3,60,45
13,0.0357,8,8,7,60,15
15,0.0809,6,6,6,60,45
15,0.0723,4,4,0,60,15
15,0.0495,5,5,2,60,15
15,0.0805,3,3,3,60,45
15,0.1779,8,8,8,60,45
67,0.1078,6,6,6,60,45
67,0.1544,4,4,0,60,15
67,0.1308,5,5,3,60,15
67,0.087,3,3,3,60,45
67,0.0607,8,8,8,60,45
16,0.1396,6,6,6,60,45
16,0.1703,4,4,0,60,15
16,0.1442,5,5,4,60,15
16,0.1218,3,3,3,60,45
16,0.0954,8,8,8,60,45
55,0.1436,6,6,6,60,45
55,0.1947,4,4,0,60,15
55,0.1722,5,5,5,60,45
55,0.1227,3,3,3,60,45
55,0.0173,8,8,8,60,45
45,0.0751,6,0,0,60,0
45,0.0721,4,0,0,60,0
45,0.0887,5,0,0,60,0
45,0.0944,3,0,0,60,0
45,0.2271,8,0,0,60,0
6,0.0646,6,1,0,60,0
6,0.0631,4,0,0,60,0
6,0.0784,5,0,0,60,0
6,0.0842,3,0,0,60,0
6,0.2185,8,0,0,60,0
36,0.0694,6,2,0,60,0
36,0.0518,4,0,0,60,0
36,0.0306,5,0,0,60,0
36,0.0741,3,0,0,60,0
36,0.1873,8,0,0,60,0
17,0.1431,6,2,0,60,0
17,0.175,4,0,0,60,0
17,0.149,5,1,0,60,0
17,0.1248,3,0,0,60,0
17,0.0913,8,0,0,60,0
57,0.1676,6,2,0,60,0
57,0.2091,4,0,0,60,0
57,0.1839,5,1,0,60,0
57,0.1472,3,0,0,60,0
57,0.0555,8,1,0,60,0
17,0.0723,6,2,0,60,0
17,0.112,4,0,0,60,0
17,0.1136,5,1,0,60,0
17,0.0787,3,0,0,60,0
17,0.1791,8,2,0,60,0
26,0.0422,6,3,0,60,0
26,0.08,4,0,0,60,0
26,0.081,5,1,0,60,0
26,0.054,3,0,0,60,0
26,0.1767,8,2,0,60,0
18,0.0838,6,3,0,60,0
18,0.1391,4,0,0,60,0
18,0.1303,5,1,0,60,0
18,0.0757,3,0,0,60,0
18,0.1291,8,3,0,60,0
8,0.0328,6,3,0,60,0
8,0.0807,4,0,0,60,0
8,0.0768,5,1,0,60,0
8,0.0404,3,0,0,60,0
8,0.1624,8,4,0,60,0
40,0.1713,6,3,0,60,0
40,0.229,4,0,0,60,0
40,0.2131,5,2,0,60,0
40,0.1546,3,0,0,60,0
40,0.081,8,4,0,60,0
6,0.0694,6,3,0,60,0
6,0.0883,4,0,0,60,0
6,0.0979,5,2,0,60,0
6,0.0846,3,0,0,60,0
6,0.2072,8,5,0,60,0
34,0.0848,6,3,0,60,0
34,0.1378,4,1,0,60,0
34,0.1171,5,2,0,60,0
34,0.0641,3,0,0,60,0
34,0.0756,8,5,0,60,0
20,0.0921,6,3,0,60,0
20,0.1482,4,1,0,60,0
20,0.1384,5,2,0,60,0
20,0.0824,3,1,0,60,0
20,0.1222,8,5,0,60,0
24,0.0412,6,4,0,60,0
24,0.066,4,1,0,60,0
24,0.0712,5,2,0,60,0
24,0.0582,3,1,0,60,0
24,0.1893,8,5,0,60,0
28,0.1119,6,4,0,60,0
28,0.1523,4,2,0,60,0
28,0.1273,5,2,0,60,0
28,0.092,3,1,0,60,0
28,0.0739,8,5,0,60,0
32,0.0538,6,4,0,60,0
32,0.0317,4,2,0,60,0
32,0.0091,5,2,0,60,0
32,0.0637,3,1,0,60,0
32,0.1902,8,6,0,60,0
24,0.0626,6,4,0,60,0
24,0.0489,4,2,0,60,0
24,0.067,5,3,0,60,0
24,0.0834,3,1,0,60,0
24,0.2212,8,6,0,60,0
13,0.0873,6,4,0,60,0
13,0.145,4,3,0,60,0
13,0.13,5,3,0,60,0
13,0.0713,3,1,0,60,0
13,0.0934,8,6,0,60,0
52,0.1494,6,4,0,60,0
52,0.2069,4,3,0,60,0
52,0.1904,5,3,0,60,0
52,0.1322,3,2,0,60,0
52,0.0688,8,6,0,60,0
17,0.0355,6,4,0,60,0
17,0.0228,4,3,0,60,0
17,0.0253,5,3,0,60,0
17,0.0544,3,2,0,60,0
17,0.1931,8,7,0,60,0
11,0.0567,6,4,0,60,0
11,0.1144,4,3,0,60,0
11,0.1006,5,4,0,60,0
11,0.0423,3,2,0,60,0
11,0.1159,8,7,0,60,0
12,0.0969,6,5,0,60,0
12,0.1545,4,3,0,60,0
12,0.1417,5,4,0,60,0
12,0.0834,3,2,0,60,0
12,0.1025,8,7,0,60,0
55,0.1312,6,5,0,60,0
55,0.1886,4,3,0,60,0
55,0.1759,5,4,0,60,0
55,0.1175,3,3,0,60,15
55,0.1003,8,7,0,60,0
46,0.0285,6,5,0,60,0
46,0.0861,4,3,0,60,0
46,0.0743,5,4,0,60,0
46,0.0208,3,3,0,60,15
46,0.1396,8,8,0,60,15
18,0.0398,6,6,0,60,15
18,0.0193,4,3,0,60,0
18,0.0266,5,4,0,60,0
18,0.0589,3,3,0,60,15
18,0.1977,8,8,0,60,15
9,0.1793,6,6,0,60,15
9,0.2371,4,4,0,60,15
9,0.222,5,4,0,60,0
9,0.1633,3,3,0,60,15
9,0.0928,8,8,0,60,15
30,0.0472,6,6,0,60,15
30,0.0521,4,4,0,60,15
30,0.0633,5,5,0,60,15
30,0.0673,3,3,0,60,15
30,0.2035,8,8,0,60,15
37,0.1074,6,6,1,60,15
37,0.1651,4,4,0,60,15
37,0.1495,5,5,0,60,15
37,0.0909,3,3,0,60,15
37,0.0815,8,8,0,60,15
53,0.026,6,6,1,60,15
53,0.0319,4,4,0,60,15
53,0.0249,5,5,0,60,15
53,0.0439,3,3,0,60,15
53,0.1824,8,8,1,60,15
5,0.1016,6,6,1,60,15
5,0.1527,4,4,0,60,15
5,0.1307,5,5,1,60,15
5,0.0807,3,3,0,60,15
5,0.0593,8,8,1,60,15
21,0.1032,6,6,1,60,15
21,0.1331,4,4,0,60,15
21,0.1071,5,5,1,60,15
21,0.0865,3,3,0,60,15
21,0.1059,8,8,2,60,15
41,0.1443,6,6,1,60,15
41,0.1976,4,4,0,60,15
41,0.1763,5,5,1,60,15
41,0.1238,3,3,1,60,15
41,0.02,8,8,2,60,15
17,0.0473,6,6,1,60,15
17,0.0778,4,4,0,60,15
17,0.0819,5,5,1,60,15
17,0.0614,3,3,1,60,15
17,0.1862,8,8,3,60,15
37,0.1568,6,6,2,60,15
37,0.2079,4,4,0,60,15
37,0.1854,5,5,1,60,15
37,0.136,3,3,1,60,15
37,0.0045,8,8,3,60,15
38,0.047,6,6,2,60,15
38,0.1043,4,4,0,60,15
38,0.0928,5,5,1,60,15
38,0.0371,3,3,1,60,15
38,0.1298,8,8,4,60,15
16,0.1204,6,6,2,60,15
16,0.1626,4,4,0,60,15
16,0.1378,5,5,1,60,15
16,0.1001,3,3,2,60,15
16,0.0636,8,8,4,60,15
6,0.1064,6,6,2,60,15
6,0.1638,4,4,0,60,15
6,0.1473,5,5,1,60,15
6,0.089,3,3,2,60,15
6,0.0754,8,8,5,60,15
23,0.0477,6,6,2,60,15
23,0.0636,4,4,0,60,15
23,0.0377,5,5,1,60,15
23,0.0444,3,3,2,60,15
23,0.1553,8,8,6,60,15
13,0.053,6,6,2,60,15
13,0.1032,4,4,0,60,15
13,0.0823,5,5,2,60,15
13,0.0321,3,3,2,60,15
13,0.1089,8,8,6,60,15
34,0.0829,6,6,2,60,15
34,0.0765,4,4,0,60,15
34,0.0533,5,5,2,60,15
34,0.0814,3,3,3,60,45
34,0.175,8,8,6,60,15
12,0.0995,6,6,2,60,15
12,0.1528,4,4,0,60,15
12,0.132,5,5,3,60,15
12,0.0789,3,3,3,60,45
12,0.0613,8,8,6,60,15
39,0.0827,6,6,2,60,15
39,0.0554,4,4,0,60,15
39,0.0398,5,5,3,60,15
39,0.0886,3,3,3,60,45
39,0.2005,8,8,7,60,15
11,0.0401,6,0,0,60,0
11,0.0863,4,0,0,60,0
11,0.0836,5,0,0,60,0
11,0.047,3,0,0,60,0
11,0.1642,8,0,0,60,0
16,0.1156,6,1,0,60,0
16,0.1726,4,0,0,60,0
16,0.1552,5,0,0,60,0
16,0.0974,3,0,0,60,0
16,0.0654,8,0,0,60,0
34,0.087,6,1,0,60,0
34,0.0999,4,0,0,60,0
34,0.0742,5,0,0,60,0
34,0.0776,3,0,0,60,0
34,0.1451,8,1,0,60,0
40,0.1746,6,1,0,60,0
40,0.2111,4,0,0,60,0
40,0.1853,5,0,0,60,0
40,0.155,3,0,0,60,0
40,0.0781,8,2,0,60,0
28,0.1206,6,1,0,60,0
28,0.1778,4,0,0,60,0
28,0.1606,5,0,0,60,0
28,0.1027,3,0,0,60,0
28,0.0653,8,3,0,60,0
16,0.0695,6,1,0,60,0
16,0.0256,4,0,0,60,0
16,0.0235,5,0,0,60,0
16,0.0822,3,0,0,60,0
16,0.2104,8,4,0,60,0
19,0.0767,6,1,0,60,0
19,0.0189,4,0,0,60,0
19,0.0412,5,1,0,60,0
19,0.0942,3,0,0,60,0
19,0.2299,8,4,0,60,0
60,0.0721,6,1,0,60,0
60,0.0186,4,1,0,60,0
60,0.0446,5,1,0,60,0
60,0.0912,3,0,0,60,0
60,0.2292,8,4,0,60,0
18,0.1473,6,2,0,60,0
18,0.1859,4,1,0,60,0
18,0.1603,5,1,0,60,0
18,0.1275,3,0,0,60,0
18,0.0672,8,4,0,60,0
13,0.083,6,2,0,60,0
13,0.0907,4,1,0,60,0
13,0.0653,5,1,0,60,0
13,0.0761,3,0,0,60,0
13,0.1544,8,5,0,60,0
10,0.1109,6,2,0,60,0
10,0.1537,4,1,0,60,0
10,0.1291,5,2,0,60,0
10,0.0906,3,0,0,60,0
10,0.068,8,5,0,60,0
40,0.121,6,3,0,60,0
40,0.1572,4,1,0,60,0
40,0.1315,5,2,0,60,0
40,0.102,3,0,0,60,0
40,0.0821,8,5,0,60,0
14,0.1154,6,3,0,60,0
14,0.172,4,1,0,60,0
14,0.1539,5,2,0,60,0
14,0.0966,3,0,0,60,0
14,0.0608,8,6,0,60,0
21,0.0988,6,3,0,60,0
21,0.1323,4,1,0,60,0
21,0.1065,5,2,0,60,0
21,0.0811,3,1,0,60,0
21,0.0993,8,6,0,60,0
59,0.0375,6,4,0,60,0
59,0.095,4,1,0,60,0
59,0.0832,5,2,0,60,0
59,0.0279,3,1,0,60,0
59,0.134,8,6,0,60,0
78,0.1407,6,4,0,60,0
78,0.1896,4,1,0,60,0
78,0.1664,5,2,0,60,0
78,0.1198,3,2,0,60,0
78,0.0264,8,6,0,60,0
53,0.1631,6,4,0,60,0
53,0.2205,4,1,0,60,0
53,0.2078,5,2,0,60,0
53,0.1493,3,2,0,60,0
53,0.1077,8,7,0,60,0
35,0.0787,6,4,0,60,0
35,0.1323,4,1,0,60,0
35,0.1253,5,2,0,60,0
35,0.073,3,2,0,60,0
35,0.1387,8,8,0,60,15
83,0.1035,6,4,0,60,0
83,0.1593,4,1,0,60,0
83,0.1498,5,3,0,60,0
83,0.0937,3,2,0,60,0
83,0.1227,8,8,0,60,15
5,0.1427,6,5,0,60,0
5,0.2003,4,1,0,60,0
5,0.1842,5,3,0,60,0
5,0.1258,3,2,0,60,0
5,0.0715,8,8,0,60,15
18,0.0224,6,5,0,60,0
18,0.0355,4,2,0,60,0
18,0.0302,5,3,0,60,0
18,0.0417,3,2,0,60,0
18,0.1809,8,8,0,60,15
58,0.1093,6,5,0,60,0
58,0.1626,4,2,0,60,0
58,0.1416,5,4,0,60,0
58,0.0888,3,2,0,60,0
58,0.0516,8,8,0,60,15
8,0.0362,6,5,0,60,0
8,0.0458,4,2,0,60,0
8,0.0531,5,4,0,60,0
8,0.0568,3,3,0,60,15
8,0.1946,8,8,0,60,15
44,0.081,6,5,0,60,0
44,0.1333,4,3,0,60,0
44,0.1274,5,4,0,60,0
44,0.0769,3,3,0,60,15
44,0.1447,8,8,0,60,15
59,0.0877,6,6,0,60,15
59,0.1455,4,3,0,60,0
59,0.1308,5,4,0,60,0
59,0.0721,3,3,0,60,15
59,0.0951,8,8,0,60,15
55,0.0343,6,6,0,60,15
55,0.0757,4,3,0,60,0
55,0.0537,5,5,0,60,15
55,0.0205,3,3,0,60,15
55,0.1363,8,8,0,60,15
22,0.0934,6,6,0,60,15
22,0.1448,4,4,0,60,15
22,0.1397,5,5,0,60,15
22,0.0896,3,3,0,60,15
22,0.149,8,8,0,60,15
23,0.0758,6,6,0,60,15
23,0.094,4,4,0,60,15
23,0.1043,5,5,0,60,15
23,0.0907,3,3,1,60,15
23,0.2114,8,8,0,60,15
39,0.0979,6,6,1,60,15
39,0.1129,4,4,0,60,15
39,0.1252,5,5,0,60,15
39,0.1124,3,3,1,60,15
39,0.2282,8,8,0,60,15
45,0.1707,6,6,2,60,15
45,0.2283,4,4,0,60,15
45,0.2147,5,5,0,60,15
45,0.156,3,3,1,60,15
45,0.1026,8,8,0,60,15
13,0.1176,6,6,2,60,15
13,0.1508,4,4,0,60,15
13,0.125,5,5,0,60,15
13,0.0995,3,3,1,60,15
13,0.0919,8,8,1,60,15
18,0.1326,6,6,2,60,15
18,0.19,4,4,0,60,15
18,0.1776,5,5,0,60,15
18,0.1194,3,3,1,60,15
18,0.1035,8,8,2,60,15
89,0.0675,6,6,2,60,15
89,0.0976,4,4,0,60,15
89,0.072,5,5,0,60,15
89,0.053,3,3,1,60,15
89,0.1241,8,8,3,60,15
12,0.0859,6,6,2,60,15
12,0.0305,4,4,0,60,15
12,0.0433,5,5,0,60,15
12,0.1011,3,3,2,60,15
12,0.2321,8,8,3,60,15
70,0.1765,6,6,2,60,15
70,0.2115,4,4,1,60,15
70,0.1855,5,5,0,60,15
70,0.1572,3,3,2,60,15
70,0.0846,8,8,3,60,15
24,0.087,6,6,2,60,15
24,0.1322,4,4,1,60,15
24,0.1312,5,5,0,60,15
24,0.0887,3,3,2,60,15
24,0.1695,8,8,4,60,15
35,0.1012,6,6,3,60,15
35,0.159,4,4,1,60,15
35,0.1451,5,5,0,60,15
35,0.0864,3,3,2,60,15
35,0.0944,8,8,4,60,15
22,0.0672,6,6,3,60,15
22,0.1117,4,4,1,60,15
22,0.1108,5,5,0,60,15
22,0.071,3,3,3,60,45
22,0.1681,8,8,4,60,15
28,0.1098,6,6,4,60,15
28,0.1599,4,4,1,60,15
28,0.1559,5,5,0,60,15
28,0.1063,3,3,3,60,45
28,0.1566,8,8,4,60,15
51,0.1157,6,6,5,60,15
51,0.1404,4,4,1,60,15
51,0.1143,5,5,0,60,15
51,0.1002,3,3,3,60,45
51,0.1151,8,8,4,60,15
38,0.051,6,6,5,60,15
38,0.0459,4,4,1,60,15
38,0.02,5,5,1,60,15
38,0.0559,3,3,3,60,45
38,0.176,8,8,4,60,15
30,0.0182,6,6,5,60,15
30,0.0743,4,4,1,60,15
30,0.0648,5,5,2,60,15
30,0.0215,3,3,3,60,45
30,0.1519,8,8,4,60,15
32,0.1428,6,0,0,60,0
32,0.1991,4,0,0,60,0
32,0.1802,5,0,0,60,0
32,0.1238,3,0,0,60,0
32,0.0444,8,0,0,60,0
34,0.1014,6,0,0,60,0
34,0.1121,4,0,0,60,0
34,0.126,5,0,0,60,0
34,0.1168,3,0,0,60,0
34,0.2351,8,1,0,60,0
19,0.046,6,1,0,60,0
19,0.0276,4,0,0,60,0
19,0.0015,5,0,0,60,0
19,0.0577,3,0,0,60,0
19,0.1881,8,1,0,60,0
34,0.1178,6,1,0,60,0
34,0.1714,4,0,0,60,0
34,0.1505,5,1,0,60,0
34,0.0974,3,0,0,60,0
34,0.0438,8,1,0,60,0
11,0.1041,6,1,0,60,0
11,0.1601,4,0,0,60,0
11,0.1415,5,1,0,60,0
11,0.0848,3,0,0,60,0
11,0.0644,8,2,0,60,0
5,0.1341,6,1,0,60,0
5,0.1699,4,0,0,60,0
5,0.1441,5,1,0,60,0
5,0.115,3,0,0,60,0
5,0.0794,8,3,0,60,0
20,0.164,6,1,0,60,0
20,0.2184,4,0,0,60,0
20,0.1976,5,1,0,60,0
20,0.1439,3,0,0,60,0
20,0.024,8,4,0,60,0
32,0.1623,6,1,0,60,0
32,0.2094,4,0,0,60,0
32,0.1853,5,1,0,60,0
32,0.1414,3,0,0,60,0
32,0.0276,8,5,0,60,0
27,0.0772,6,1,0,60,0
27,0.128,4,0,0,60,0
27,0.1064,5,1,0,60,0
27,0.0563,3,0,0,60,0
27,0.084,8,6,0,60,0
55,0.1493,6,2,0,60,0
55,0.207,4,0,0,60,0
55,0.1914,5,1,0,60,0
55,0.1328,3,0,0,60,0
55,0.0775,8,6,0,60,0
37,0.0838,6,3,0,60,0
37,0.1375,4,0,0,60,0
37,0.1172,5,1,0,60,0
37,0.0633,3,0,0,60,0
37,0.0769,8,6,0,60,0
12,0.0578,6,3,0,60,0
12,0.1031,4,0,0,60,0
12,0.1014,5,1,0,60,0
12,0.0622,3,1,0,60,0
12,0.1657,8,6,0,60,0
44,0.1078,6,3,0,60,0
44,0.1399,4,0,0,60,0
44,0.114,5,2,0,60,0
44,0.0902,3,1,0,60,0
44,0.0985,8,6,0,60,0
8,0.0768,6,3,0,60,0
8,0.1281,4,1,0,60,0
8,0.123,5,2,0,60,0
8,0.074,3,1,0,60,0
8,0.1487,8,6,0,60,0
5,0.0917,6,4,0,60,0
5,0.112,4,1,0,60,0
5,0.0859,5,2,0,60,0
5,0.0791,3,1,0,60,0
5,0.1305,8,6,0,60,0
32,0.095,6,4,0,60,0
32,0.1322,4,1,0,60,0
32,0.1068,5,3,0,60,0
32,0.0763,3,1,0,60,0
32,0.0929,8,6,0,60,0
10,0.0906,6,4,0,60,0
10,0.1429,4,1,0,60,0
10,0.1371,5,3,0,60,0
10,0.086,3,2,0,60,0
10,0.1449,8,6,0,60,0
9,0.0755,6,5,0,60,0
9,0.1026,4,1,0,60,0
9,0.0767,5,3,0,60,0
9,0.0615,3,2,0,60,0
9,0.1244,8,6,0,60,0
5,0.1064,6,5,0,60,0
5,0.1642,4,2,0,60,0
5,0.1489,5,3,0,60,0
5,0.0902,3,2,0,60,0
5,0.0841,8,6,0,60,0
43,0.0758,6,5,0,60,0
43,0.0322,4,2,0,60,0
43,0.0293,5,3,0,60,0
43,0.0877,3,2,0,60,0
43,0.2135,8,7,0,60,0
44,0.0688,6,5,0,60,0
44,0.0401,4,2,0,60,0
44,0.024,5,4,0,60,0
44,0.0773,3,2,0,60,0
44,0.1978,8,7,0,60,0
15,0.0859,6,5,0,60,0
15,0.1305,4,3,0,60,0
15,0.1066,5,4,0,60,0
15,0.0656,3,2,0,60,0
15,0.0842,8,7,0,60,0
66,0.1759,6,5,0,60,0
66,0.2334,4,3,0,60,0
66,0.2164,5,4,0,60,0
66,0.1584,3,3,0,60,15
66,0.0721,8,7,0,60,0
10,0.0796,6,5,0,60,0
10,0.0262,4,3,0,60,0
10,0.0361,5,4,0,60,0
10,0.0942,3,3,0,60,15
10,0.2248,8,8,0,60,15
31,0.0466,6,5,0,60,0
31,0.0604,4,4,0,60,15
31,0.0693,5,4,0,60,0
31,0.0654,3,3,0,60,15
31,0.199,8,8,0,60,15
27,0.1382,6,6,0,60,15
27,0.1955,4,4,0,60,15
27,0.1831,5,4,0,60,0
27,0.1247,3,3,0,60,15
27,0.1032,8,8,0,60,15
53,0.0752,6,6,0,60,15
53,0.1236,4,4,0,60,15
53,0.1012,5,5,0,60,15
53,0.0543,3,3,0,60,15
53,0.0884,8,8,0,60,15
14,0.03,6,6,0,60,15
14,0.0693,4,4,0,60,15
14,0.0686,5,5,0,60,15
14,0.0441,3,3,1,60,15
14,0.1738,8,8,0,60,15
15,0.163,6,6,1,60,15
15,0.2192,4,4,0,60,15
15,0.2003,5,5,0,60,15
15,0.1439,3,3,1,60,15
15,0.0452,8,8,0,60,15
32,0.1116,6,6,1,60,15
32,0.159,4,4,0,60,15
32,0.1569,5,5,0,60,15
32,0.1103,3,3,1,60,15
32,0.1682,8,8,1,60,15
30,0.0704,6,6,1,60,15
30,0.106,4,4,0,60,15
30,0.0809,5,5,0,60,15
30,0.0534,3,3,2,60,15
30,0.113,8,8,1,60,15
14,0.0314,6,6,1,60,15
14,0.0346,4,4,0,60,15
14,0.0395,5,5,0,60,15
14,0.0523,3,3,3,60,45
14,0.1918,8,8,1,60,15
33,0.0798,6,6,2,60,15
33,0.1375,4,4,0,60,15
33,0.1241,5,5,0,60,15
33,0.0657,3,3,3,60,45
33,0.1054,8,8,1,60,15
36,0.1745,6,6,3,60,15
36,0.2323,4,4,0,60,15
36,0.2169,5,5,0,60,15
36,0.1583,3,3,3,60,45
36,0.0874,8,8,1,60,15
49,0.1108,6,6,3,60,15
49,0.1597,4,4,0,60,15
49,0.1566,5,5,0,60,15
49,0.1083,3,3,3,60,45
49,0.1621,8,8,2,60,15
68,0.0828,6,6,4,60,15
68,0.1118,4,4,0,60,15
68,0.1184,5,5,0,60,15
68,0.0934,3,3,3,60,45
68,0.2012,8,8,2,60,15
13,0.0573,6,6,5,60,15
13,0.0703,4,4,0,60,15
13,0.0809,5,5,0,60,15
13,0.0751,3,3,3,60,45
13,0.2055,8,8,2,60,15
18,0.0938,6,6,6,60,45
18,0.12,4,4,0,60,15
18,0.094,5,5,0,60,15
18,0.0787,3,3,3,60,45
18,0.1177,8,8,2,60,15
5,0.1407,6,6,6,60,45
5,0.1794,4,4,0,60,15
5,0.1539,5,5,1,60,15
5,0.1209,3,3,3,60,45
5,0.0677,8,8,2,60,15
13,0.0896,6,6,6,60,45
13,0.1402,4,4,0,60,15
13,0.1358,5,5,1,60,15
13,0.0867,3,3,3,60,45
13,0.1517,8,8,3,60,15
36,0.0893,6,6,6,60,45
36,0.1266,4,4,0,60,15
36,0.1014,5,5,2,60,15
36,0.0708,3,3,3,60,45
36,0.0963,8,8,3,60,15
39,0.0584,6,6,6,60,45
39,0.0278,4,4,0,60,15
39,0.0488,5,5,2,60,15
39,0.0791,3,3,3,60,45
39,0.2187,8,8,4,60,15
33,0.0397,6,6,6,60,45
33,0.0638,4,4,1,60,15
33,0.0391,5,5,2,60,15
33,0.0352,3,3,3,60,45
33,0.151,8,8,4,60,15
37,0.1383,6,6,6,60,45
37,0.195,4,4,1,60,15
37,0.1767,5,5,3,60,15
37,0.1196,3,3,3,60,45
37,0.0515,8,8,4,60,15
27,0.0428,6,6,6,60,45
27,0.0659,4,4,1,60,15
27,0.0408,5,5,3,60,15
27,0.0375,3,3,3,60,45
27,0.1499,8,8,5,60,15
19,0.0312,6,6,6,60,45
19,0.0543,4,4,1,60,15
19,0.058,5,5,4,60,15
19,0.0506,3,3,3,60,45
19,0.1864,8,8,5,60,15
58,0.0894,6,6,6,60,45
58,0.1166,4,4,2,60,15
58,0.0905,5,5,4,60,15
58,0.0742,3,3,3,60,45
58,0.1175,8,8,5,60,15
41,0.0894,6,6,6,60,45
41,0.1265,4,4,2,60,15
41,0.1013,5,5,5,60,45
41,0.0709,3,3,3,60,45
41,0.0966,8,8,5,60,15
39,0.0909,6,6,6,60,45
39,0.1174,4,4,2,60,15
39,0.0914,5,5,5,60,45
39,0.076,3,3,3,60,45
39,0.1183,8,8,6,60,15
8,0.0946,6,6,6,60,45
8,0.1023,4,4,3,60,15
8,0.1169,5,5,5,60,45
8,0.1111,3,3,3,60,45
8,0.2335,8,8,6,60,15
66,0.0969,6,6,6,60,45
66,0.125,4,4,4,60,45
66,0.1324,5,5,5,60,45
66,0.107,3,3,3,60,45
66,0.2093,8,8,6,60,15
43,0.077,6,6,6,60,45
43,0.1118,4,4,4,60,45
43,0.0865,5,5,5,60,45
43,0.0598,3,3,3,60,45
43,0.1096,8,8,7,60,15
89,0.0815,6,6,6,60,45
89,0.1224,4,4,4,60,45
89,0.1236,5,5,5,60,45
89,0.0864,3,3,3,60,45
89,0.1789,8,8,8,60,45
21,0.1502,6,0,0,60,0
21,0.2077,4,0,0,60,0
21,0.1948,5,0,0,60,0
21,0.1363,3,0,0,60,0
21,0.1017,8,0,0,60,0
48,0.0913,6,0,0,60,0
48,0.0593,4,0,0,60,0
48,0.0471,5,0,0,60,0
48,0.0979,3,0,0,60,0
48,0.2091,8,1,0,60,0
15,0.0899,6,1,0,60,0
15,0.1244,4,0,0,60,0
15,0.1289,5,0,0,60,0
15,0.0975,3,0,0,60,0
15,0.1947,8,1,0,60,0
35,0.0931,6,2,0,60,0
35,0.121,4,0,0,60,0
35,0.1284,5,0,0,60,0
35,0.1034,3,0,0,60,0
35,0.2076,8,1,0,60,0
23,0.0584,6,2,0,60,0
23,0.0679,4,0,0,60,0
23,0.0418,5,0,0,60,0
23,0.055,3,0,0,60,0
23,0.1581,8,2,0,60,0
25,0.1397,6,2,0,60,0
25,0.1648,4,0,0,60,0
25,0.1387,5,1,0,60,0
25,0.1234,3,0,0,60,0
25,0.1123,8,2,0,60,0
47,0.1484,6,2,0,60,0
47,0.1998,4,0,0,60,0
47,0.1775,5,1,0,60,0
47,0.1276,3,0,0,60,0
47,0.0121,8,3,0,60,0
54,0.074,6,2,0,60,0
54,0.1044,4,0,0,60,0
54,0.1101,5,1,0,60,0
54,0.0847,3,0,0,60,0
54,0.1954,8,4,0,60,0
49,0.1388,6,3,0,60,0
49,0.1797,4,0,0,60,0
49,0.1545,5,1,0,60,0
49,0.1186,3,0,0,60,0
49,0.0598,8,4,0,60,0
39,0.0822,6,3,0,60,0
39,0.1304,4,0,0,60,0
39,0.1077,5,1,0,60,0
39,0.0613,3,0,0,60,0
39,0.0818,8,5,0,60,0
5,0.088,6,3,0,60,0
5,0.0602,4,0,0,60,0
5,0.0453,5,2,0,60,0
5,0.0936,3,0,0,60,0
5,0.2031,8,5,0,60,0
37,0.0939,6,3,0,60,0
37,0.1491,4,1,0,60,0
37,0.1405,5,2,0,60,0
37,0.0855,3,0,0,60,0
37,0.1284,8,5,0,60,0
40,0.077,6,3,0,60,0
40,0.1182,4,1,0,60,0
40,0.0938,5,2,0,60,0
40,0.0577,3,1,0,60,0
40,0.0981,8,5,0,60,0
28,0.088,6,4,0,60,0
28,0.0997,4,1,0,60,0
28,0.074,5,2,0,60,0
28,0.0789,3,1,0,60,0
28,0.147,8,5,0,60,0
42,0.0728,6,4,0,60,0
42,0.0952,4,1,0,60,0
42,0.1039,5,3,0,60,0
42,0.0867,3,1,0,60,0
42,0.2053,8,5,0,60,0
52,0.0727,6,4,0,60,0
52,0.0811,4,2,0,60,0
52,0.0943,5,3,0,60,0
52,0.0902,3,1,0,60,0
52,0.2182,8,5,0,60,0
33,0.091,6,5,0,60,0
33,0.1121,4,2,0,60,0
33,0.122,5,3,0,60,0
33,0.1039,3,1,0,60,0
33,0.2164,8,5,0,60,0
33,0.0452,6,5,0,60,0
33,0.0407,4,2,0,60,0
33,0.0146,5,3,0,60,0
33,0.0522,3,2,0,60,0
33,0.177,8,5,0,60,0
62,0.0562,6,5,0,60,0
62,0.1134,4,2,0,60,0
62,0.1018,5,4,0,60,0
62,0.0453,3,2,0,60,0
62,0.1244,8,5,0,60,0
44,0.0779,6,5,0,60,0
44,0.1284,4,2,0,60,0
44,0.1239,5,4,0,60,0
44,0.0758,3,2,0,60,0
44,0.1517,8,6,0,60,0
21,0.064,6,5,0,60,0
21,0.0551,4,2,0,60,0
21,0.031,5,4,0,60,0
21,0.0667,3,3,0,60,15
21,0.178,8,6,0,60,0
30,0.0895,6,5,0,60,0
30,0.0735,4,3,0,60,0
30,0.0534,5,4,0,60,0
30,0.0907,3,3,0,60,15
30,0.1888,8,6,0,60,0
45,0.0426,6,5,0,60,0
45,0.0937,4,3,0,60,0
45,0.0883,5,5,0,60,15
45,0.0445,3,3,0,60,15
45,0.1542,8,6,0,60,0
6,0.1175,6,6,0,60,15
6,0.1727,4,3,0,60,0
6,0.153,5,5,0,60,15
6,0.0977,3,3,0,60,15
6,0.0493,8,6,0,60,0
14,0.06,6,6,0,60,15
14,0.0862,4,3,0,60,0
14,0.0605,5,5,0,60,15
14,0.0483,3,3,0,60,15
14,0.1348,8,7,0,60,0
36,0.0637,6,6,0,60,15
36,0.1142,4,4,0,60,15
36,0.0929,5,5,0,60,15
36,0.0428,3,3,0,60,15
36,0.0978,8,7,0,60,0
55,0.0928,6,6,0,60,15
55,0.1379,4,4,0,60,15
55,0.1141,5,5,0,60,15
55,0.0723,3,3,0,60,15
55,0.0771,8,8,0,60,15
17,0.1801,6,6,0,60,15
17,0.2376,4,4,0,60,15
17,0.2211,5,5,0,60,15
17,0.1629,3,3,1,60,15
17,0.0786,8,8,0,60,15
15,0.1419,6,6,0,60,15
15,0.1876,4,4,0,60,15
15,0.1634,5,5,0,60,15
15,0.121,3,3,1,60,15
15,0.0388,8,8,1,60,15
5,0.0951,6,6,0,60,15
5,0.1498,4,4,0,60,15
5,0.1301,5,5,0,60,15
5,0.075,3,3,1,60,15
5,0.0674,8,8,2,60,15
62,0.0606,6,6,0,60,15
62,0.0937,4,4,0,60,15
62,0.0977,5,5,0,60,15
62,0.0717,3,3,1,60,15
62,0.187,8,8,3,60,15
14,0.0664,6,6,1,60,15
14,0.0132,4,4,0,60,15
14,0.0257,5,5,0,60,15
14,0.0819,3,3,1,60,15
14,0.2151,8,8,3,60,15
68,0.1677,6,6,1,60,15
68,0.2236,4,4,1,60,15
68,0.2041,5,5,0,60,15
68,0.1483,3,3,1,60,15
68,0.0413,8,8,3,60,15
10,0.0734,6,6,1,60,15
10,0.1306,4,4,1,60,15
10,0.1189,5,5,0,60,15
10,0.0616,3,3,1,60,15
10,0.1163,8,8,4,60,15
33,0.0784,6,6,1,60,15
33,0.0855,4,4,1,60,15
33,0.06,5,5,0,60,15
33,0.0723,3,3,2,60,15
33,0.1561,8,8,4,60,15
27,0.0718,6,6,1,60,15
27,0.1287,4,4,1,60,15
27,0.1178,5,5,1,60,15
27,0.0613,3,3,2,60,15
27,0.1209,8,8,4,60,15
12,0.109,6,6,1,60,15
12,0.1526,4,4,1,60,15
12,0.1282,5,5,1,60,15
12,0.0886,3,3,3,60,45
12,0.0672,8,8,4,60,15
14,0.0472,6,6,1,60,15
14,0.0658,4,4,1,60,15
14,0.0401,5,5,1,60,15
14,0.0428,3,3,3,60,45
14,0.1525,8,8,5,60,15
15,0.0678,6,6,1,60,15
15,0.1213,4,4,1,60,15
15,0.1144,5,5,2,60,15
15,0.0631,3,3,3,60,45
15,0.1409,8,8,5,60,15
23,0.1416,6,6,2,60,15
23,0.1976,4,4,1,60,15
23,0.1784,5,5,2,60,15
23,0.1223,3,3,3,60,45
23,0.0415,8,8,5,60,15
15,0.0972,6,6,2,60,15
15,0.1303,4,4,1,60,15
15,0.1356,5,5,2,60,15
15,0.1051,3,3,3,60,45
15,0.2006,8,8,6,60,15
28,0.0622,6,6,3,60,15
28,0.0245,4,4,1,60,15
28,0.0158,5,5,2,60,15
28,0.0745,3,3,3,60,45
28,0.2029,8,8,6,60,15
33,0.0624,6,6,3,60,15
33,0.1196,4,4,1,60,15
33,0.108,5,5,3,60,15
33,0.0512,3,3,3,60,45
33,0.1216,8,8,6,60,15
52,0.159,6,6,4,60,15
52,0.2131,4,4,1,60,15
52,0.1922,5,5,3,60,15
52,0.1388,3,3,3,60,45
52,0.0204,8,8,6,60,15
29,0.1579,6,6,4,60,15
29,0.2122,4,4,1,60,15
29,0.1915,5,5,3,60,15
29,0.1378,3,3,3,60,45
29,0.0229,8,8,7,60,15
19,0.0552,6,6,4,60,15
19,0.0622,4,4,1,60,15
19,0.0741,5,5,3,60,15
19,0.0743,3,3,3,60,45
19,0.2078,8,8,8,60,45
39,0.0964,6,6,5,60,15
39,0.1534,4,4,1,60,15
39,0.142,5,5,3,60,15
39,0.0845,3,3,3,60,45
39,0.1113,8,8,8,60,45
31,0.0067,6,0,0,60,0
31,0.0615,4,0,0,60,0
31,0.0524,5,0,0,60,0
31,0.0228,3,0,0,60,0
31,0.1605,8,0,0,60,0
32,0.0715,6,1,0,60,0
32,0.1119,4,0,0,60,0
32,0.1131,5,0,0,60,0
32,0.0776,3,0,0,60,0
32,0.1777,8,0,0,60,0
10,0.1616,6,1,0,60,0
10,0.2182,4,0,0,60,0
10,0.1997,5,0,0,60,0
10,0.1429,3,0,0,60,0
10,0.0495,8,1,0,60,0
29,0.1418,6,1,0,60,0
29,0.1912,4,0,0,60,0
29,0.1681,5,0,0,60,0
29,0.1208,3,0,0,60,0
29,0.0236,8,2,0,60,0
32,0.105,6,1,0,60,0
32,0.1224,4,0,0,60,0
32,0.0965,5,0,0,60,0
32,0.0925,3,0,0,60,0
32,0.1335,8,3,0,60,0
7,0.069,6,1,0,60,0
7,0.0704,4,0,0,60,0
7,0.0451,5,1,0,60,0
7,0.0666,3,0,0,60,0
7,0.1655,8,3,0,60,0
20,0.1206,6,2,0,60,0
20,0.1645,4,0,0,60,0
20,0.14,5,1,0,60,0
20,0.1001,3,0,0,60,0
20,0.0583,8,3,0,60,0
26,0.0891,6,2,0,60,0
26,0.0346,4,0,0,60,0
26,0.0455,5,1,0,60,0
26,0.1038,3,0,0,60,0
26,0.2336,8,4,0,60,0
46,0.0343,6,2,0,60,0
46,0.0673,4,1,0,60,0
46,0.0441,5,1,0,60,0
46,0.0268,3,0,0,60,0
46,0.1455,8,4,0,60,0
33,0.1227,6,3,0,60,0
33,0.1476,4,1,0,60,0
33,0.1215,5,1,0,60,0
33,0.1069,3,0,0,60,0
33,0.1136,8,4,0,60,0
26,0.0732,6,3,0,60,0
26,0.1269,4,1,0,60,0
26,0.1068,5,1,0,60,0
26,0.0527,3,0,0,60,0
26,0.0873,8,5,0,60,0
31,0.0504,6,3,0,60,0
31,0.1077,4,1,0,60,0
31,0.092,5,1,0,60,0
31,0.0332,3,1,0,60,0
31,0.1146,8,5,0,60,0
53,0.0944,6,3,0,60,0
53,0.0417,4,1,0,60,0
53,0.0495,5,2,0,60,0
53,0.1082,3,1,0,60,0
53,0.2354,8,5,0,60,0
52,0.1065,6,3,0,60,0
52,0.1282,4,2,0,60,0
52,0.1383,5,2,0,60,0
52,0.1184,3,1,0,60,0
52,0.2246,8,5,0,60,0
39,0.1078,6,4,0,60,0
39,0.1463,4,2,0,60,0
39,0.121,5,2,0,60,0
39,0.0885,3,1,0,60,0
39,0.0818,8,5,0,60,0
27,0.0942,6,4,0,60,0
27,0.1456,4,2,0,60,0
27,0.124,5,2,0,60,0
27,0.0733,3,1,0,60,0
27,0.0665,8,6,0,60,0
27,0.0358,6,4,0,60,0
27,0.0846,4,2,0,60,0
27,0.0804,5,2,0,60,0
27,0.0417,3,1,0,60,0
27,0.1604,8,7,0,60,0
45,0.032,6,4,0,60,0
45,0.0828,4,2,0,60,0
45,0.0634,5,3,0,60,0
45,0.0118,3,1,0,60,0
45,0.13,8,7,0,60,0
34,0.1023,6,4,0,60,0
34,0.0541,4,2,0,60,0
34,0.0558,5,3,0,60,0
34,0.1138,3,2,0,60,0
34,0.2352,8,7,0,60,0
30,0.1354,6,4,0,60,0
30,0.192,4,3,0,60,0
30,0.1737,5,3,0,60,0
30,0.1167,3,2,0,60,0
30,0.0516,8,7,0,60,0
61,0.1574,6,4,0,60,0
61,0.1899,4,3,0,60,0
61,0.1639,5,3,0,60,0
61,0.1388,3,2,0,60,0
61,0.0896,8,8,0,60,15
24,0.0766,6,5,0,60,0
24,0.0605,4,3,0,60,0
24,0.0395,5,3,0,60,0
24,0.0796,3,2,0,60,0
24,0.1866,8,8,0,60,15
18,0.0831,6,5,0,60,0
18,0.14,4,3,0,60,0
18,0.1228,5,4,0,60,0
18,0.0648,3,2,0,60,0
18,0.0855,8,8,0,60,15
24,0.0831,6,5,0,60,0
24,0.1383,4,3,0,60,0
24,0.1191,5,4,0,60,0
24,0.0632,3,3,0,60,15
24,0.0793,8,8,0,60,15
34,0.0879,6,6,0,60,15
34,0.1045,4,3,0,60,0
34,0.1159,5,4,0,60,0
34,0.1024,3,3,0,60,15
34,0.22,8,8,0,60,15
13,0.0817,6,6,0,60,15
13,0.1336,4,4,0,60,15
13,0.1123,5,4,0,60,0
13,0.0609,3,3,0,60,15
13,0.0788,8,8,0,60,15
18,0.0361,6,6,0,60,15
18,0.0918,4,4,0,60,15
18,0.0827,5,5,0,60,15
18,0.0326,3,3,0,60,15
18,0.1435,8,8,0,60,15
31,0.1302,6,6,0,60,15
31,0.1714,4,4,0,60,15
31,0.1463,5,5,0,60,15
31,0.11,3,3,1,60,15
31,0.0618,8,8,0,60,15
36,0.0828,6,6,0,60,15
36,0.0816,4,4,0,60,15
36,0.0574,5,5,0,60,15
36,0.0794,3,3,1,60,15
36,0.1678,8,8,1,60,15
32,0.0375,6,6,0,60,15
32,0.082,4,4,0,60,15
32,0.0603,5,5,1,60,15
32,0.0203,3,3,1,60,15
32,0.1299,8,8,1,60,15
20,0.1044,6,6,0,60,15
20,0.161,4,4,0,60,15
20,0.1429,5,5,1,60,15
20,0.0856,3,3,2,60,15
20,0.067,8,8,1,60,15
50,0.0175,6,6,0,60,15
50,0.0705,4,4,0,60,15
50,0.0538,5,5,1,60,15
50,0.005,3,3,2,60,15
50,0.1438,8,8,2,60,15
56,0.1077,6,6,0,60,15
56,0.1534,4,4,0,60,15
56,0.1524,5,5,1,60,15
56,0.1079,3,3,3,60,45
56,0.1732,8,8,2,60,15
22,0.1016,6,6,1,60,15
22,0.1588,4,4,0,60,15
22,0.1419,5,5,1,60,15
22,0.0838,3,3,3,60,45
22,0.0756,8,8,2,60,15
12,0.133,6,6,1,60,15
12,0.1804,4,4,0,60,15
12,0.1567,5,5,1,60,15
12,0.1121,3,3,3,60,45
12,0.0376,8,8,3,60,15
16,0.1348,6,6,1,60,15
16,0.1921,4,4,0,60,15
16,0.1749,5,5,1,60,15
16,0.117,3,3,3,60,45
16,0.0624,8,8,4,60,15
67,0.1622,6,6,1,60,15
67,0.2189,4,4,0,60,15
67,0.2005,5,5,1,60,15
67,0.1435,3,3,3,60,45
67,0.0513,8,8,5,60,15
5,0.0615,6,6,1,60,15
5,0.0273,4,4,0,60,15
5,0.0497,5,5,1,60,15
5,0.0821,3,3,3,60,45
5,0.2217,8,8,6,60,15
34,0.1578,6,0,0,60,0
34,0.2156,4,0,0,60,0
34,0.2001,5,0,0,60,0
34,0.1415,3,0,0,60,0
34,0.0805,8,0,0,60,0
14,0.0373,6,0,0,60,0
14,0.0612,4,0,0,60,0
14,0.0368,5,0,0,60,0
14,0.0341,3,0,0,60,0
14,0.1529,8,1,0,60,0
82,0.0488,6,1,0,60,0
82,0.0834,4,0,0,60,0
82,0.059,5,0,0,60,0
82,0.035,3,0,0,60,0
82,0.1313,8,1,0,60,0
37,0.0472,6,1,0,60,0
37,0.0669,4,0,0,60,0
37,0.0413,5,0,0,60,0
37,0.0422,3,0,0,60,0
37,0.1511,8,2,0,60,0
49,0.1666,6,1,0,60,0
49,0.2243,4,0,0,60,0
49,0.2094,5,1,0,60,0
49,0.1507,3,0,0,60,0
49,0.0887,8,2,0,60,0
49,0.0148,6,1,0,60,0
49,0.043,4,0,0,60,0
49,0.0338,5,1,0,60,0
49,0.0337,3,0,0,60,0
49,0.1731,8,3,0,60,0
11,0.1195,6,2,0,60,0
11,0.1728,4,0,0,60,0
11,0.1518,5,1,0,60,0
11,0.099,3,0,0,60,0
11,0.042,8,3,0,60,0
52,0.072,6,2,0,60,0
52,0.12,4,0,0,60,0
52,0.1171,5,1,0,60,0
52,0.0726,3,0,0,60,0
52,0.1594,8,4,0,60,0
8,0.1604,6,3,0,60,0
8,0.2181,4,0,0,60,0
8,0.204,5,1,0,60,0
8,0.1453,3,0,0,60,0
8,0.0943,8,4,0,60,0
18,0.0359,6,3,0,60,0
18,0.08,4,0,0,60,0
18,0.0584,5,1,0,60,0
18,0.0195,3,0,0,60,0
18,0.1319,8,5,0,60,0
13,0.141,6,3,0,60,0
13,0.1979,4,0,0,60,0
13,0.18,5,2,0,60,0
13,0.1226,3,0,0,60,0
13,0.0541,8,5,0,60,0
48,0.0763,6,3,0,60,0
48,0.1222,4,0,0,60,0
48,0.0989,5,2,0,60,0
48,0.0558,3,0,0,60,0
48,0.0908,8,6,0,60,0
74,0.0546,6,3,0,60,0
74,0.0606,4,0,0,60,0
74,0.0728,5,2,0,60,0
74,0.0739,3,1,0,60,0
74,0.208,8,6,0,60,0
71,0.1594,6,3,0,60,0
71,0.2099,4,1,0,60,0
71,0.1871,5,2,0,60,0
71,0.1385,3,1,0,60,0
71,0.0068,8,6,0,60,0
17,0.0349,6,3,0,60,0
17,0.0759,4,1,0,60,0
17,0.0751,5,2,0,60,0
17,0.0468,3,1,0,60,0
17,0.1722,8,7,0,60,0
32,0.0618,6,4,0,60,0
32,0.0336,4,1,0,60,0
32,0.0548,5,2,0,60,0
32,0.0827,3,1,0,60,0
32,0.2222,8,7,0,60,0
30,0.1764,6,4,0,60,0
30,0.2336,4,2,0,60,0
30,0.2162,5,2,0,60,0
30,0.1585,3,1,0,60,0
30,0.0675,8,7,0,60,0
55,0.1238,6,4,0,60,0
55,0.176,4,2,0,60,0
55,0.1542,5,2,0,60,0
55,0.1031,3,1,0,60,0
55,0.0366,8,8,0,60,15
54,0.0787,6,4,0,60,0
54,0.1358,4,2,0,60,0
54,0.1243,5,2,0,60,0
54,0.0671,3,2,0,60,0
54,0.1156,8,8,0,60,15
27,0.033,6,4,0,60,0
27,0.0348,4,2,0,60,0
27,0.0409,5,3,0,60,0
27,0.0539,3,2,0,60,0
27,0.1934,8,8,0,60,15
17,0.0354,6,5,0,60,0
17,0.08,4,2,0,60,0
17,0.0777,5,3,0,60,0
17,0.0448,3,2,0,60,0
17,0.1673,8,8,0,60,15
45,0.0633,6,5,0,60,0
45,0.0274,4,2,0,60,0
45,0.0504,5,4,0,60,0
45,0.0839,3,2,0,60,0
45,0.2235,8,8,0,60,15
19,0.109,6,5,0,60,0
19,0.139,4,3,0,60,0
19,0.1129,5,4,0,60,0
19,0.0921,3,2,0,60,0
19,0.1036,8,8,0,60,15
27,0.1658,6,5,0,60,0
27,0.2234,4,3,0,60,0
27,0.2073,5,4,0,60,0
27,0.1489,3,3,0,60,15
27,0.0764,8,8,0,60,15
22,0.0704,6,6,0,60,15
22,0.0906,4,3,0,60,0
22,0.0645,5,4,0,60,0
22,0.0599,3,3,0,60,15
22,0.1385,8,8,0,60,15
18,0.1241,6,6,0,60,15
18,0.1801,4,3,0,60,0
18,0.1612,5,5,0,60,15
18,0.1048,3,3,0,60,15
18,0.0503,8,8,0,60,15
19,0.0531,6,6,0,60,15
19,0.106,4,4,0,60,15
19,0.0995,5,5,0,60,15
19,0.0508,3,3,0,60,15
19,0.1464,8,8,0,60,15
86,0.1126,6,6,0,60,15
86,0.1597,4,4,0,60,15
86,0.1361,5,5,0,60,15
86,0.0917,3,3,1,60,15
86,0.0554,8,8,0,60,15
12,0.0748,6,6,0,60,15
12,0.0678,4,4,0,60,15
12,0.0443,5,5,0,60,15
12,0.0747,3,3,1,60,15
12,0.1755,8,8,1,60,15
37,0.1378,6,6,0,60,15
37,0.1667,4,4,0,60,15
37,0.1406,5,5,1,60,15
37,0.1204,3,3,1,60,15
37,0.101,8,8,1,60,15
16,0.1331,6,6,0,60,15
16,0.1896,4,4,0,60,15
16,0.179,5,5,1,60,15
16,0.1216,3,3,1,60,15
16,0.1167,8,8,2,60,15
47,0.1044,6,6,0,60,15
47,0.1617,4,4,0,60,15
47,0.1449,5,5,1,60,15
47,0.0867,3,3,1,60,15
47,0.0747,8,8,3,60,15
11,0.0363,6,6,0,60,15
11,0.0939,4,4,0,60,15
11,0.0792,5,5,1,60,15
11,0.0209,3,3,1,60,15
11,0.1276,8,8,4,60,15
26,0.0484,6,6,0,60,15
26,0.1003,4,4,0,60,15
26,0.0945,5,5,1,60,15
26,0.0482,3,3,2,60,15
26,0.1506,8,8,4,60,15
78,0.0774,6,6,0,60,15
78,0.0198,4,4,0,60,15
78,0.0426,5,5,1,60,15
78,0.0951,3,3,3,60,45
78,0.2311,8,8,4,60,15
47,0.0879,6,6,0,60,15
47,0.062,4,4,1,60,15
47,0.0461,5,5,1,60,15
47,0.0928,3,3,3,60,45
47,0.2008,8,8,4,60,15
13,0.1097,6,6,0,60,15
13,0.1612,4,4,1,60,15
13,0.1561,5,5,2,60,15
13,0.1049,3,3,3,60,45
13,0.15,8,8,4,60,15
26,0.1149,6,6,1,60,15
26,0.1726,4,4,1,60,15
26,0.1588,5,5,2,60,15
26,0.1002,3,3,3,60,45
26,0.0923,8,8,4,60,15
19,0.1264,6,6,1,60,15
19,0.1792,4,4,1,60,15
19,0.1578,5,5,2,60,15
19,0.1058,3,3,3,60,45
19,0.0345,8,8,5,60,15
36,0.1084,6,0,0,60,0
36,0.1607,4,0,0,60,0
36,0.1549,5,0,0,60,0
36,0.1029,3,0,0,60,0
36,0.1458,8,0,0,60,0
8,0.1448,6,0,0,60,0
8,0.2026,4,0,0,60,0
8,0.1881,5,0,0,60,0
8,0.1294,3,0,0,60,0
8,0.0871,8,1,0,60,0
31,0.0507,6,0,0,60,0
31,0.1006,4,0,0,60,0
31,0.0796,5,0,0,60,0
31,0.0299,3,0,0,60,0
31,0.1115,8,2,0,60,0
25,0.0933,6,1,0,60,0
25,0.1217,4,0,0,60,0
25,0.1289,5,0,0,60,0
25,0.1034,3,0,0,60,0
25,0.207,8,2,0,60,0
60,0.0812,6,2,0,60,0
60,0.1221,4,0,0,60,0
60,0.0976,5,0,0,60,0
60,0.0619,3,0,0,60,0
60,0.0951,8,2,0,60,0
77,0.0716,6,2,0,60,0
77,0.1293,4,0,0,60,0
77,0.1158,5,0,0,60,0
77,0.0574,3,0,0,60,0
77,0.1084,8,3,0,60,0
6,0.1123,6,2,0,60,0
6,0.1544,4,0,0,60,0
6,0.1297,5,0,0,60,0
6,0.0921,3,0,0,60,0
6,0.069,8,4,0,60,0
61,0.0176,6,2,0,60,0
61,0.0468,4,0,0,60,0
61,0.044,5,0,0,60,0
61,0.0385,3,0,0,60,0
61,0.1776,8,5,0,60,0
24,0.1148,6,2,0,60,0
24,0.1617,4,0,0,60,0
24,0.1381,5,1,0,60,0
24,0.094,3,0,0,60,0
24,0.0539,8,5,0,60,0
15,0.0391,6,2,0,60,0
15,0.0965,4,0,0,60,0
15,0.0816,5,1,0,60,0
15,0.0231,3,0,0,60,0
15,0.1249,8,6,0,60,0
34,0.1391,6,3,0,60,0
34,0.1969,4,0,0,60,0
34,0.182,5,1,0,60,0
34,0.1233,3,0,0,60,0
34,0.0828,8,6,0,60,0
28,0.055,6,3,0,60,0
28,0.1127,4,0,0,60,0
28,0.0996,5,1,0,60,0
28,0.0419,3,1,0,60,0
28,0.1196,8,6,0,60,0
18,0.1163,6,3,0,60,0
18,0.1398,4,0,0,60,0
18,0.1495,5,2,0,60,0
18,0.1272,3,1,0,60,0
18,0.2278,8,6,0,60,0
23,0.1453,6,3,0,60,0
23,0.2031,4,1,0,60,0
23,0.1882,5,2,0,60,0
23,0.1295,3,1,0,60,0
23,0.0836,8,6,0,60,0
33,0.1696,6,3,0,60,0
33,0.201,4,1,0,60,0
33,0.1749,5,2,0,60,0
33,0.1511,3,1,0,60,0
33,0.0959,8,7,0,60,0
57,0.0595,6,4,0,60,0
57,0.0543,4,1,0,60,0
57,0.0293,5,2,0,60,0
57,0.0619,3,1,0,60,0
57,0.1745,8,7,0,60,0
27,0.0485,6,4,0,60,0
27,0.0914,4,1,0,60,0
27,0.0906,5,3,0,60,0
27,0.056,3,1,0,60,0
27,0.1698,8,7,0,60,0
11,0.1312,6,4,0,60,0
11,0.1601,4,2,0,60,0
11,0.134,5,3,0,60,0
11,0.114,3,1,0,60,0
11,0.1016,8,7,0,60,0
41,0.0806,6,4,0,60,0
41,0.1324,4,2,0,60,0
41,0.1269,5,3,0,60,0
41,0.0769,3,2,0,60,0
41,0.1467,8,7,0,60,0
21,0.1262,6,5,0,60,0
21,0.1835,4,2,0,60,0
21,0.1666,5,3,0,60,0
21,0.1085,3,2,0,60,0
21,0.0659,8,7,0,60,0
43,0.1176,6,5,0,60,0
43,0.1441,4,2,0,60,0
43,0.118,5,3,0,60,0
43,0.1014,3,2,0,60,0
43,0.11,8,8,0,60,15
49,0.1077,6,5,0,60,0
49,0.1363,4,2,0,60,0
49,0.1438,5,4,0,60,0
49,0.117,3,2,0,60,0
49,0.2142,8,8,0,60,15
22,0.0973,6,5,0,60,0
22,0.1099,4,3,0,60,0
22,0.123,5,4,0,60,0
22,0.1124,3,2,0,60,0
22,0.2303,8,8,0,60,15
28,0.0904,6,6,0,60,15
28,0.0387,4,3,0,60,0
28,0.0451,5,4,0,60,0
28,0.1039,3,2,0,60,0
28,0.231,8,8,0,60,15
45,0.1476,6,6,0,60,15
45,0.205,4,4,0,60,15
45,0.1881,5,4,0,60,0
45,0.13,3,2,0,60,0
45,0.0642,8,8,0,60,15
23,0.0588,6,6,0,60,15
23,0.1101,4,4,0,60,15
23,0.1049,5,4,0,60,0
23,0.0578,3,3,0,60,15
23,0.1505,8,8,0,60,15
64,0.1434,6,6,0,60,15
64,0.1918,4,4,0,60,15
64,0.1683,5,5,0,60,15
64,0.1225,3,3,0,60,15
64,0.0266,8,8,0,60,15
12,0.0913,6,6,0,60,15
12,0.1484,4,4,0,60,15
12,0.1367,5,5,0,60,15
12,0.0791,3,3,0,60,15
12,0.1108,8,8,1,60,15
48,0.0669,6,6,0,60,15
48,0.1221,4,4,0,60,15
48,0.1033,5,5,0,60,15
48,0.0469,3,3,1,60,15
48,0.0946,8,8,1,60,15
8,0.0481,6,6,0,60,15
8,0.0745,4,4,0,60,15
8,0.0492,5,5,0,60,15
8,0.0392,3,3,2,60,15
8,0.1424,8,8,1,60,15
26,0.126,6,6,0,60,15
26,0.1643,4,4,0,60,15
26,0.1388,5,5,0,60,15
26,0.1064,3,3,3,60,45
26,0.0735,8,8,1,60,15
19,0.1636,6,6,0,60,15
19,0.1972,4,4,0,60,15
19,0.1712,5,5,0,60,15
19,0.1446,3,3,3,60,45
19,0.0865,8,8,2,60,15
10,0.0238,6,6,0,60,15
10,0.0386,4,4,0,60,15
10,0.0228,5,5,0,60,15
10,0.0374,3,3,3,60,45
10,0.1736,8,8,3,60,15
5,0.0711,6,6,0,60,15
5,0.029,4,4,0,60,15
5,0.0247,5,5,1,60,15
5,0.0832,3,3,3,60,45
5,0.2099,8,8,3,60,15
16,0.0751,6,6,0,60,15
16,0.0174,4,4,0,60,15
16,0.0403,5,5,2,60,15
16,0.0927,3,3,3,60,45
16,0.2287,8,8,3,60,15
57,0.0885,6,6,0,60,15
57,0.1357,4,4,1,60,15
57,0.1335,5,5,2,60,15
57,0.0885,3,3,3,60,45
57,0.1635,8,8,3,60,15
10,0.1034,6,6,1,60,15
10,0.1371,4,4,1,60,15
10,0.1423,5,5,2,60,15
10,0.1107,3,3,3,60,45
10,0.2023,8,8,3,60,15
13,0.1187,6,6,2,60,15
13,0.1763,4,4,1,60,15
13,0.1601,5,5,2,60,15
13,0.1016,3,3,3,60,45
13,0.0737,8,8,3,60,15
36,0.1604,6,6,2,60,15
36,0.1897,4,4,1,60,15
36,0.1635,5,5,2,60,15
36,0.1426,3,3,3,60,45
36,0.1013,8,8,4,60,15
26,0.1365,6,6,2,60,15
26,0.171,4,4,1,60,15
26,0.1451,5,5,2,60,15
26,0.1177,3,3,3,60,45
26,0.0831,8,8,5,60,15
45,0.1117,6,6,2,60,15
45,0.1615,4,4,1,60,15
45,0.1577,5,5,2,60,15
45,0.1085,3,3,3,60,45
45,0.1587,8,8,6,60,15
26,0.0856,6,6,3,60,15
26,0.0297,4,4,1,60,15
26,0.0437,5,5,2,60,15
26,0.1012,3,3,3,60,45
26,0.2328,8,8,6,60,15
25,0.0529,6,6,3,60,15
25,0.075,4,4,2,60,15
25,0.0492,5,5,2,60,15
25,0.0449,3,3,3,60,45
25,0.1448,8,8,6,60,15
47,0.1115,6,6,3,60,15
47,0.168,4,4,2,60,15
47,0.1576,5,5,3,60,15
47,0.1005,3,3,3,60,45
47,0.1165,8,8,6,60,15
28,0.1885,6,6,4,60,15
28,0.2463,4,4,2,60,15
28,0.2306,5,5,3,60,15
28,0.1721,3,3,3,60,45
28,0.0922,8,8,6,60,15
80,0.039,6,0,0,60,0
80,0.0656,4,0,0,60,0
80,0.0699,5,0,0,60,0
80,0.0559,3,0,0,60,0
80,0.1871,8,0,0,60,0
22,0.1563,6,1,0,60,0
22,0.2138,4,0,0,60,0
22,0.2008,5,0,0,60,0
22,0.1422,3,0,0,60,0
22,0.1019,8,0,0,60,0
58,0.1306,6,1,0,60,0
58,0.1882,4,0,0,60,0
58,0.175,5,0,0,60,0
58,0.1165,3,0,0,60,0
58,0.0964,8,1,0,60,0
14,0.0943,6,1,0,60,0
14,0.1446,4,0,0,60,0
14,0.1404,5,0,0,60,0
14,0.0914,3,0,0,60,0
14,0.1535,8,2,0,60,0
14,0.1209,6,2,0,60,0
14,0.1735,4,0,0,60,0
14,0.1675,5,0,0,60,0
14,0.1148,3,0,0,60,0
14,0.1468,8,2,0,60,0
44,0.0263,6,2,0,60,0
44,0.077,4,0,0,60,0
44,0.0713,5,0,0,60,0
44,0.0336,3,0,0,60,0
44,0.1593,8,3,0,60,0
18,0.0093,6,2,0,60,0
18,0.0634,4,0,0,60,0
18,0.0548,5,1,0,60,0
18,0.0236,3,0,0,60,0
18,0.1603,8,3,0,60,0
41,0.0158,6,3,0,60,0
41,0.0421,4,0,0,60,0
41,0.0321,5,1,0,60,0
41,0.034,3,0,0,60,0
41,0.1731,8,3,0,60,0
16,0.0781,6,3,0,60,0
16,0.1325,4,0,0,60,0
16,0.1128,5,2,0,60,0
16,0.0578,3,0,0,60,0
16,0.083,8,3,0,60,0
52,0.0682,6,3,0,60,0
52,0.0342,4,0,0,60,0
52,0.0219,5,2,0,60,0
52,0.0784,3,0,0,60,0
52,0.2022,8,4,0,60,0
19,0.0421,6,3,0,60,0
19,0.0333,4,1,0,60,0
19,0.0451,5,2,0,60,0
19,0.063,3,0,0,60,0
19,0.2024,8,4,0,60,0
22,0.071,6,3,0,60,0
22,0.0289,4,2,0,60,0
22,0.0245,5,2,0,60,0
22,0.083,3,0,0,60,0
22,0.2097,8,4,0,60,0
19,0.1036,6,3,0,60,0
19,0.1424,4,2,0,60,0
19,0.1172,5,3,0,60,0
19,0.0842,3,0,0,60,0
19,0.0835,8,4,0,60,0
40,0.0463,6,3,0,60,0
40,0.1039,4,2,0,60,0
40,0.0891,5,3,0,60,0
40,0.0305,3,0,0,60,0
40,0.1197,8,5,0,60,0
31,0.0326,6,3,0,60,0
31,0.0367,4,2,0,60,0
31,0.0154,5,3,0,60,0
31,0.0433,3,1,0,60,0
31,0.1757,8,5,0,60,0
59,0.0922,6,4,0,60,0
59,0.0496,4,2,0,60,0
59,0.0456,5,3,0,60,0
59,0.1023,3,1,0,60,0
59,0.2217,8,5,0,60,0
19,0.027,6,4,0,60,0
19,0.0802,4,2,0,60,0
19,0.0731,5,4,0,60,0
19,0.0309,3,1,0,60,0
19,0.1542,8,5,0,60,0
8,0.1169,6,5,0,60,0
8,0.1723,4,2,0,60,0
8,0.1634,5,4,0,60,0
8,0.1076,3,1,0,60,0
8,0.1269,8,5,0,60,0
49,0.0464,6,5,0,60,0
49,0.0878,4,2,0,60,0
49,0.0876,5,4,0,60,0
49,0.0553,3,1,0,60,0
49,0.1722,8,6,0,60,0
18,0.0597,6,5,0,60,0
18,0.0592,4,2,0,60,0
18,0.0337,5,4,0,60,0
18,0.0601,3,2,0,60,0
18,0.1693,8,6,0,60,0
15,0.0637,6,5,0,60,0
15,0.0789,4,3,0,60,0
15,0.0894,5,4,0,60,0
15,0.0805,3,2,0,60,0
15,0.2075,8,6,0,60,0
27,0.0913,6,6,0,60,15
27,0.088,4,3,0,60,0
27,0.0646,5,4,0,60,0
27,0.0877,3,2,0,60,0
27,0.1712,8,6,0,60,0
36,0.0991,6,6,0,60,15
36,0.1445,4,3,0,60,0
36,0.1436,5,5,0,60,15
36,0.0999,3,2,0,60,0
36,0.1717,8,6,0,60,0
18,0.1405,6,6,0,60,15
18,0.1779,4,3,0,60,0
18,0.1522,5,5,0,60,15
18,0.121,3,3,0,60,15
18,0.0726,8,6,0,60,0
29,0.0849,6,6,0,60,15
29,0.1256,4,3,0,60,0
29,0.127,5,5,0,60,15
29,0.0897,3,3,0,60,15
29,0.1804,8,7,0,60,0
10,0.1477,6,6,0,60,15
10,0.2007,4,4,0,60,15
10,0.1792,5,5,0,60,15
10,0.1272,3,3,0,60,15
10,0.0162,8,7,0,60,0
31,0.1743,6,6,0,60,15
31,0.2102,4,4,0,60,15
31,0.1844,5,5,0,60,15
31,0.1548,3,3,0,60,15
31,0.0803,8,8,0,60,15
25,0.0272,6,6,0,60,15
25,0.0669,4,4,0,60,15
25,0.0657,5,5,0,60,15
25,0.0421,3,3,0,60,15
25,0.1733,8,8,1,60,15
22,0.0078,6,6,1,60,15
22,0.05,4,4,0,60,15
22,0.0403,5,5,0,60,15
22,0.0279,3,3,0,60,15
22,0.1675,8,8,1,60,15
25,0.0754,6,6,2,60,15
25,0.1244,4,4,0,60,15
25,0.1022,5,5,0,60,15
25,0.0545,3,3,0,60,15
25,0.0875,8,8,1,60,15
46,0.0714,6,6,2,60,15
46,0.1183,4,4,0,60,15
46,0.0955,5,5,0,60,15
46,0.0509,3,3,1,60,15
46,0.094,8,8,1,60,15
87,0.0527,6,6,2,60,15
87,0.0193,4,4,0,60,15
87,0.0085,5,5,0,60,15
87,0.0663,3,3,2,60,15
87,0.198,8,8,1,60,15
9,0.1716,6,6,2,60,15
9,0.2283,4,4,0,60,15
9,0.2098,5,5,1,60,15
9,0.1529,3,3,2,60,15
9,0.0542,8,8,1,60,15
24,0.0639,6,6,2,60,15
24,0.0357,4,4,0,60,15
24,0.0187,5,5,1,60,15
24,0.0732,3,3,2,60,15
24,0.1963,8,8,2,60,15
32,0.0411,6,6,2,60,15
32,0.0929,4,4,0,60,15
32,0.087,5,5,2,60,15
32,0.0423,3,3,2,60,15
32,0.1525,8,8,2,60,15
12,0.0892,6,6,3,60,15
12,0.1219,4,4,0,60,15
12,0.0962,5,5,2,60,15
12,0.0722,3,3,2,60,15
12,0.1062,8,8,2,60,15
89,0.1487,6,6,3,60,15
89,0.1788,4,4,0,60,15
89,0.1527,5,5,2,60,15
89,0.1308,3,3,3,60,45
89,0.0973,8,8,2,60,15
9,0.1633,6,6,3,60,15
9,0.2206,4,4,0,60,15
9,0.2034,5,5,2,60,15
9,0.1455,3,3,3,60,45
9,0.0645,8,8,3,60,15
32,0.1323,6,6,3,60,15
32,0.189,4,4,0,60,15
32,0.1708,5,5,2,60,15
32,0.1137,3,3,3,60,45
32,0.0529,8,8,4,60,15
34,0.1094,6,6,3,60,15
34,0.1433,4,4,0,60,15
34,0.1485,5,5,2,60,15
34,0.1163,3,3,3,60,45
34,0.2047,8,8,5,60,15
49,0.1033,6,6,4,60,15
49,0.1566,4,4,0,60,15
49,0.1358,5,5,2,60,15
49,0.0827,3,3,3,60,45
49,0.0575,8,8,5,60,15
19,0.1522,6,6,4,60,15
19,0.1972,4,4,0,60,15
19,0.1727,5,5,2,60,15
19,0.1314,3,3,3,60,45
19,0.039,8,8,6,60,15
6,0.0597,6,6,4,60,15
6,0.0495,4,4,0,60,15
6,0.0251,5,5,2,60,15
6,0.0639,3,3,3,60,45
6,0.1796,8,8,7,60,15
17,0.0711,6,6,4,60,15
17,0.0225,4,4,0,60,15
17,0.0265,5,5,3,60,15
17,0.085,3,3,3,60,45
17,0.2149,8,8,7,60,15
26,0.1509,6,6,4,60,15
26,0.1889,4,4,1,60,15
26,0.1633,5,5,3,60,15
26,0.1312,3,3,3,60,45
26,0.0691,8,8,7,60,15
19,0.0048,6,6,4,60,15
19,0.0623,4,4,1,60,15
19,0.0501,5,5,3,60,15
19,0.0166,3,3,3,60,45
19,0.1557,8,8,8,60,45
30,0.0695,6,6,5,60,15
30,0.125,4,4,1,60,15
30,0.116,5,5,3,60,15
30,0.0617,3,3,3,60,45
30,0.1308,8,8,8,60,45
25,0.0525,6,6,6,60,45
25,0.047,4,4,1,60,15
25,0.0213,5,5,3,60,15
25,0.057,3,3,3,60,45
25,0.176,8,8,8,60,45
14,0.0342,6,6,6,60,45
14,0.0717,4,4,1,60,15
14,0.049,5,5,4,60,15
14,0.0235,3,3,3,60,45
14,0.1406,8,8,8,60,45
20,0.1215,6,0,0,60,0
20,0.1369,4,0,0,60,0
20,0.1497,5,0,0,60,0
20,0.1348,3,0,0,60,0
20,0.2432,8,0,0,60,0
24,0.1092,6,1,0,60,0
24,0.127,4,0,0,60,0
24,0.1011,5,0,0,60,0
24,0.0963,3,0,0,60,0
24,0.132,8,0,0,60,0
5,0.111,6,1,0,60,0
5,0.1295,4,0,0,60,0
5,0.141,5,0,0,60,0
5,0.1238,3,0,0,60,0
5,0.232,8,1,0,60,0
64,0.0447,6,2,0,60,0
64,0.0237,4,0,0,60,0
64,0.0378,5,0,0,60,0
64,0.0651,3,0,0,60,0
64,0.2047,8,1,0,60,0
36,0.1375,6,2,0,60,0
36,0.1803,4,0,0,60,0
36,0.1554,5,1,0,60,0
36,0.1171,3,0,0,60,0
36,0.0531,8,1,0,60,0
23,0.091,6,2,0,60,0
23,0.1444,4,0,0,60,0
23,0.1376,5,1,0,60,0
23,0.0849,3,0,0,60,0
23,0.1389,8,2,0,60,0
17,0.1512,6,2,0,60,0
17,0.2089,4,0,0,60,0
17,0.1952,5,1,0,60,0
17,0.1365,3,0,0,60,0
17,0.0953,8,3,0,60,0
12,0.1478,6,2,0,60,0
12,0.1886,4,0,0,60,0
12,0.1633,5,1,0,60,0
12,0.1276,3,0,0,60,0
12,0.0584,8,4,0,60,0
10,0.0902,6,2,0,60,0
10,0.1291,4,0,0,60,0
10,0.1316,5,1,0,60,0
10,0.0956,3,0,0,60,0
10,0.1859,8,5,0,60,0
20,0.0449,6,3,0,60,0
20,0.0181,4,0,0,60,0
20,0.0096,5,1,0,60,0
20,0.0599,3,0,0,60,0
20,0.1944,8,5,0,60,0
15,0.0837,6,3,0,60,0
15,0.0786,4,0,0,60,0
15,0.0552,5,2,0,60,0
15,0.0816,3,0,0,60,0
15,0.1733,8,5,0,60,0
11,0.0373,6,3,0,60,0
11,0.093,4,1,0,60,0
11,0.0839,5,2,0,60,0
11,0.0336,3,0,0,60,0
11,0.1429,8,5,0,60,0
10,0.0986,6,3,0,60,0
10,0.1532,4,1,0,60,0
10,0.1333,5,2,0,60,0
10,0.0785,3,1,0,60,0
10,0.0638,8,5,0,60,0
52,0.0584,6,3,0,60,0
52,0.1005,4,1,0,60,0
52,0.1005,5,2,0,60,0
52,0.0649,3,1,0,60,0
52,0.172,8,6,0,60,0
47,0.0519,6,4,0,60,0
47,0.1023,4,1,0,60,0
47,0.0815,5,2,0,60,0
47,0.031,3,1,0,60,0
47,0.1099,8,6,0,60,0
17,0.0817,6,4,0,60,0
17,0.1228,4,1,0,60,0
17,0.0983,5,2,0,60,0
17,0.0623,3,2,0,60,0
17,0.0944,8,6,0,60,0
14,0.0299,6,4,0,60,0
14,0.0778,4,1,0,60,0
14,0.0738,5,3,0,60,0
14,0.0384,3,2,0,60,0
14,0.1628,8,6,0,60,0
46,0.0861,6,4,0,60,0
46,0.1308,4,2,0,60,0
46,0.107,5,3,0,60,0
46,0.0657,3,2,0,60,0
46,0.0838,8,6,0,60,0
45,0.0695,6,4,0,60,0
45,0.0952,4,2,0,60,0
45,0.0692,5,3,0,60,0
45,0.0567,3,2,0,60,0
45,0.1302,8,7,0,60,0
35,0.1649,6,4,0,60,0
35,0.2019,4,2,0,60,0
35,0.1761,5,4,0,60,0
35,0.1453,3,2,0,60,0
35,0.0743,8,7,0,60,0
60,0.0357,6,4,0,60,0
60,0.0796,4,2,0,60,0
60,0.0579,5,4,0,60,0
60,0.0195,3,2,0,60,0
60,0.1323,8,8,0,60,15
9,0.0769,6,5,0,60,0
9,0.1318,4,2,0,60,0
9,0.1235,5,4,0,60,0
9,0.0696,3,2,0,60,0
9,0.1324,8,8,0,60,15
8,0.0245,6,5,0,60,0
8,0.0803,4,2,0,60,0
8,0.0642,5,4,0,60,0
8,0.0055,3,3,0,60,15
8,0.1359,8,8,0,60,15
17,0.1615,6,6,0,60,15
17,0.2191,4,2,0,60,0
17,0.2058,5,4,0,60,0
17,0.1471,3,3,0,60,15
17,0.1019,8,8,0,60,15
22,0.0698,6,6,0,60,15
22,0.1134,4,3,0,60,0
22,0.0897,5,4,0,60,0
22,0.0501,3,3,0,60,15
22,0.1004,8,8,0,60,15
87,0.0406,6,6,0,60,15
87,0.0717,4,3,0,60,0
87,0.0749,5,5,0,60,15
87,0.0556,3,3,0,60,15
87,0.1837,8,8,0,60,15
10,0.0504,6,6,0,60,15
10,0.0977,4,4,0,60,15
10,0.0758,5,5,0,60,15
10,0.0303,3,3,0,60,15
10,0.1142,8,8,0,60,15
27,0.0624,6,6,0,60,15
27,0.0131,4,4,0,60,15
27,0.0209,5,5,0,60,15
27,0.0776,3,3,1,60,15
27,0.2104,8,8,0,60,15
51,0.0824,6,6,0,60,15
51,0.0666,4,4,1,60,15
51,0.046,5,5,0,60,15
51,0.0845,3,3,1,60,15
51,0.1872,8,8,0,60,15
31,0.1012,6,6,0,60,15
31,0.1577,4,4,1,60,15
31,0.1397,5,5,1,60,15
31,0.0824,3,3,1,60,15
31,0.0697,8,8,0,60,15
20,0.0147,6,6,0,60,15
20,0.0447,4,4,1,60,15
20,0.0389,5,5,1,60,15
20,0.0353,3,3,1,60,15
20,0.1749,8,8,1,60,15
5,0.1055,6,6,1,60,15
5,0.1485,4,4,1,60,15
5,0.124,5,5,1,60,15
5,0.0853,3,3,1,60,15
5,0.0715,8,8,1,60,15
42,0.0697,6,6,1,60,15
42,0.0836,4,4,1,60,15
42,0.0949,5,5,1,60,15
42,0.0863,3,3,1,60,15
42,0.212,8,8,2,60,15
35,0.1014,6,6,2,60,15
35,0.1388,4,4,1,60,15
35,0.1422,5,5,1,60,15
35,0.1069,3,3,1,60,15
35,0.1933,8,8,2,60,15
45,0.1021,6,6,3,60,15
45,0.1535,4,4,1,60,15
45,0.1484,5,5,1,60,15
45,0.0977,3,3,1,60,15
45,0.1496,8,8,2,60,15
9,0.018,6,6,3,60,15
9,0.067,4,4,1,60,15
9,0.0615,5,5,1,60,15
9,0.031,3,3,2,60,15
9,0.1638,8,8,2,60,15
45,0.0413,6,6,4,60,15
45,0.0927,4,4,1,60,15
45,0.0871,5,5,1,60,15
45,0.0431,3,3,2,60,15
45,0.1537,8,8,2,60,15
86,0.069,6,6,5,60,15
86,0.0474,4,4,1,60,15
86,0.0277,5,5,1,60,15
86,0.0752,3,3,2,60,15
86,0.1912,8,8,2,60,15
5,0.079,6,6,5,60,15
5,0.1159,4,4,1,60,15
5,0.119,5,5,2,60,15
5,0.0863,3,3,2,60,15
5,0.1864,8,8,2,60,15
43,0.095,6,0,0,60,0
43,0.1522,4,0,0,60,0
43,0.1403,5,0,0,60,0
43,0.0826,3,0,0,60,0
43,0.1091,8,0,0,60,0
6,0.0918,6,0,0,60,0
6,0.1107,4,0,0,60,0
6,0.0847,5,0,0,60,0
6,0.0796,3,0,0,60,0
6,0.1331,8,1,0,60,0
59,0.0879,6,0,0,60,0
59,0.1255,4,0,0,60,0
59,0.1004,5,0,0,60,0
59,0.0693,3,0,0,60,0
59,0.0966,8,2,0,60,0
58,0.09,6,1,0,60,0
58,0.0474,4,0,0,60,0
58,0.0434,5,0,0,60,0
58,0.1003,3,0,0,60,0
58,0.2206,8,2,0,60,0
26,0.1459,6,1,0,60,0
26,0.2036,4,0,0,60,0
26,0.1896,5,1,0,60,0
26,0.1308,3,0,0,60,0
26,0.0906,8,2,0,60,0
27,0.1616,6,1,0,60,0
27,0.1979,4,0,0,60,0
27,0.1721,5,1,0,60,0
27,0.1421,3,0,0,60,0
27,0.0761,8,3,0,60,0
5,0.0574,6,1,0,60,0
5,0.1145,4,0,0,60,0
5,0.1032,5,1,0,60,0
5,0.0468,3,0,0,60,0
5,0.1247,8,4,0,60,0
28,0.1655,6,2,0,60,0
28,0.2232,4,0,0,60,0
28,0.2069,5,1,0,60,0
28,0.1486,3,0,0,60,0
28,0.0753,8,4,0,60,0
15,0.1025,6,2,0,60,0
15,0.0499,4,0,0,60,0
15,0.0571,5,1,0,60,0
15,0.1159,3,0,0,60,0
15,0.2415,8,5,0,60,0
18,0.0472,6,2,0,60,0
18,0.0353,4,1,0,60,0
18,0.0092,5,1,0,60,0
18,0.0561,3,0,0,60,0
18,0.1828,8,5,0,60,0
16,0.0384,6,2,0,60,0
16,0.0715,4,1,0,60,0
16,0.0478,5,2,0,60,0
16,0.0288,3,0,0,60,0
16,0.1417,8,5,0,60,0
7,0.0237,6,3,0,60,0
7,0.0428,4,1,0,60,0
7,0.0434,5,2,0,60,0
7,0.0447,3,0,0,60,0
7,0.1838,8,5,0,60,0
11,0.0086,6,4,0,60,0
11,0.0511,4,1,0,60,0
11,0.0382,5,2,0,60,0
11,0.0246,3,0,0,60,0
11,0.1638,8,5,0,60,0
19,0.0834,6,4,0,60,0
19,0.1345,4,1,0,60,0
19,0.1296,5,2,0,60,0
19,0.0804,3,1,0,60,0
19,0.1496,8,5,0,60,0
24,0.1088,6,4,0,60,0
24,0.1275,4,1,0,60,0
24,0.1016,5,3,0,60,0
24,0.0956,3,1,0,60,0
24,0.13,8,5,0,60,0
28,0.1698,6,4,0,60,0
28,0.2053,4,2,0,60,0
28,0.1794,5,3,0,60,0
28,0.1505,3,1,0,60,0
28,0.081,8,5,0,60,0
23,0.0726,6,4,0,60,0
23,0.1059,4,2,0,60,0
23,0.1104,5,3,0,60,0
23,0.0823,3,1,0,60,0
23,0.1906,8,6,0,60,0
63,0.0392,6,5,0,60,0
63,0.0288,4,2,0,60,0
63,0.0074,5,3,0,60,0
63,0.0517,3,1,0,60,0
63,0.1842,8,6,0,60,0
47,0.0963,6,5,0,60,0
47,0.1526,4,2,0,60,0
47,0.1344,5,4,0,60,0
47,0.0773,3,1,0,60,0
47,0.0719,8,6,0,60,0
51,0.0986,6,5,0,60,0
51,0.1553,4,2,0,60,0
51,0.1445,5,4,0,60,0
51,0.0874,3,1,0,60,0
51,0.1147,8,7,0,60,0
12,0.1369,6,5,0,60,0
12,0.1718,4,2,0,60,0
12,0.1459,5,4,0,60,0
12,0.118,3,2,0,60,0
12,0.082,8,7,0,60,0
23,0.0854,6,5,0,60,0
23,0.0848,4,2,0,60,0
23,0.0606,5,4,0,60,0
23,0.0814,3,2,0,60,0
23,0.1669,8,8,0,60,15
24,0.0774,6,5,0,60,0
24,0.0196,4,3,0,60,0
24,0.0414,5,4,0,60,0
24,0.0948,3,2,0,60,0
24,0.2302,8,8,0,60,15
8,0.0427,6,5,0,60,0
8,0.0915,4,4,0,60,15
8,0.0875,5,4,0,60,0
8,0.0469,3,2,0,60,0
8,0.1592,8,8,0,60,15
7,0.1248,6,6,0,60,15
7,0.176,4,4,0,60,15
7,0.1539,5,4,0,60,0
7,0.1039,3,2,0,60,0
7,0.0359,8,8,0,60,15
18,0.1255,6,6,0,60,15
18,0.1832,4,4,0,60,15
18,0.1682,5,4,0,60,0
18,0.1095,3,3,0,60,15
18,0.0816,8,8,0,60,15
64,0.1336,6,6,0,60,15
64,0.1757,4,4,0,60,15
64,0.1508,5,5,0,60,15
64,0.1132,3,3,0,60,15
64,0.0569,8,8,0,60,15
5,0.1472,6,6,0,60,15
5,0.1976,4,4,0,60,15
5,0.1748,5,5,0,60,15
5,0.1263,3,3,0,60,15
5,0.0155,8,8,1,60,15
22,0.1415,6,6,0,60,15
22,0.198,4,4,0,60,15
22,0.1873,5,5,0,60,15
22,0.1297,3,3,0,60,15
22,0.1172,8,8,2,60,15
21,0.0751,6,6,0,60,15
21,0.1114,4,4,0,60,15
21,0.1147,5,5,0,60,15
21,0.0831,3,3,0,60,15
21,0.1863,8,8,3,60,15
41,0.0278,6,6,1,60,15
41,0.0823,4,4,0,60,15
41,0.0743,5,5,0,60,15
41,0.0293,3,3,0,60,15
41,0.1509,8,8,3,60,15
27,0.053,6,6,2,60,15
27,0.0851,4,4,0,60,15
27,0.0891,5,5,0,60,15
27,0.0655,3,3,0,60,15
27,0.186,8,8,3,60,15
70,0.1431,6,6,3,60,15
70,0.1992,4,4,0,60,15
70,0.1802,5,5,0,60,15
70,0.1239,3,3,0,60,15
70,0.0429,8,8,3,60,15
5,0.163,6,6,3,60,15
5,0.2196,4,4,0,60,15
5,0.201,5,5,0,60,15
5,0.1442,3,3,0,60,15
5,0.0496,8,8,4,60,15
9,0.0883,6,6,3,60,15
9,0.1129,4,4,0,60,15
9,0.0868,5,5,0,60,15
9,0.0743,3,3,0,60,15
9,0.1233,8,8,5,60,15
15,0.0988,6,6,3,60,15
15,0.1503,4,4,0,60,15
15,0.1451,5,5,0,60,15
15,0.0944,3,3,1,60,15
15,0.1486,8,8,5,60,15
51,0.0594,6,6,3,60,15
51,0.111,4,4,0,60,15
51,0.1055,5,5,0,60,15
51,0.058,3,3,2,60,15
51,0.1495,8,8,5,60,15
16,0.0043,6,6,3,60,15
16,0.054,4,4,0,60,15
16,0.0442,5,5,0,60,15
16,0.0252,3,3,3,60,45
16,0.1647,8,8,5,60,15
51,0.0179,6,6,4,60,15
51,0.04,4,4,0,60,15
51,0.0329,5,5,0,60,15
51,0.0373,3,3,3,60,45
51,0.1767,8,8,5,60,15
36,0.1652,6,6,5,60,15
36,0.1949,4,4,0,60,15
36,0.1688,5,5,0,60,15
36,0.1473,3,3,3,60,45
36,0.1009,8,8,5,60,15
7,0.105,6,6,5,60,15
7,0.1605,4,4,0,60,15
7,0.1514,5,5,0,60,15
7,0.0957,3,3,3,60,45
7,0.1252,8,8,6,60,15
5,0.0884,6,6,6,60,45
5,0.0564,4,4,0,60,15
5,0.044,5,5,0,60,15
5,0.0953,3,3,3,60,45
5,0.2079,8,8,6,60,15
7,0.0219,6,6,6,60,45
7,0.0735,4,4,0,60,15
7,0.0671,5,5,1,60,15
7,0.0302,3,3,3,60,45
7,0.159,8,8,6,60,15
8,0.1744,6,6,6,60,45
8,0.2322,4,4,0,60,15
8,0.2163,5,5,2,60,15
8,0.1578,3,3,3,60,45
8,0.083,8,8,6,60,15
26,0.0739,6,6,6,60,45
26,0.0178,4,4,0,60,15
26,0.0431,5,5,2,60,15
26,0.0924,3,3,3,60,45
26,0.2296,8,8,7,60,15
41,0.1282,6,6,6,60,45
41,0.1685,4,4,1,60,15
41,0.1433,5,5,2,60,15
41,0.1083,3,3,3,60,45
41,0.0662,8,8,7,60,15
18,0.0737,6,6,6,60,45
18,0.0955,4,4,1,60,15
18,0.0694,5,5,2,60,15
18,0.0621,3,3,3,60,45
18,0.1343,8,8,8,60,45
45,0.1391,6,6,6,60,45
45,0.1915,4,4,1,60,15
45,0.1698,5,5,3,60,15
45,0.1184,3,3,3,60,45
45,0.0219,8,8,8,60,45
19,0.0234,6,6,6,60,45
19,0.0458,4,4,1,60,15
19,0.0464,5,5,4,60,15
19,0.0442,3,3,3,60,45
19,0.1829,8,8,8,60,45
33,0.058,6,6,6,60,45
33,0.1149,4,4,2,60,15
33,0.0984,5,5,4,60,15
33,0.04,3,3,3,60,45
33,0.1067,8,8,8,60,45
8,0.0304,6,0,0,60,0
8,0.0727,4,0,0,60,0
8,0.0514,5,0,0,60,0
8,0.0178,3,0,0,60,0
8,0.1391,8,0,0,60,0
54,0.0983,6,1,0,60,0
54,0.1316,4,0,0,60,0
54,0.1058,5,0,0,60,0
54,0.0807,3,0,0,60,0
54,0.1002,8,0,0,60,0
20,0.0544,6,1,0,60,0
20,0.0527,4,0,0,60,0
20,0.0667,5,0,0,60,0
20,0.0747,3,0,0,60,0
20,0.2111,8,1,0,60,0
77,0.1518,6,2,0,60,0
77,0.2092,4,0,0,60,0
77,0.1924,5,0,0,60,0
77,0.1343,3,0,0,60,0
77,0.0652,8,1,0,60,0
21,0.078,6,2,0,60,0
21,0.1031,4,0,0,60,0
21,0.1111,5,0,0,60,0
21,0.0905,3,0,0,60,0
21,0.2044,8,2,0,60,0
23,0.0533,6,2,0,60,0
23,0.0117,4,0,0,60,0
23,0.0147,5,1,0,60,0
23,0.0688,3,0,0,60,0
23,0.2029,8,2,0,60,0
39,0.0547,6,2,0,60,0
39,0.0636,4,1,0,60,0
39,0.0375,5,1,0,60,0
39,0.0525,3,0,0,60,0
39,0.1602,8,2,0,60,0
18,0.0632,6,2,0,60,0
18,0.0271,4,1,0,60,0
18,0.0166,5,2,0,60,0
18,0.0748,3,0,0,60,0
18,0.2021,8,2,0,60,0
48,0.0378,6,3,0,60,0
48,0.053,4,1,0,60,0
48,0.0281,5,2,0,60,0
48,0.0393,3,0,0,60,0
48,0.1617,8,2,0,60,0
13,0.0727,6,3,0,60,0
13,0.1051,4,1,0,60,0
13,0.0796,5,2,0,60,0
13,0.0568,3,0,0,60,0
13,0.1169,8,3,0,60,0
21,0.0989,6,3,0,60,0
21,0.1503,4,1,0,60,0
21,0.1285,5,2,0,60,0
21,0.078,3,0,0,60,0
21,0.0618,8,4,0,60,0
52,0.0581,6,3,0,60,0
52,0.1098,4,1,0,60,0
52,0.0892,5,2,0,60,0
52,0.0371,3,0,0,60,0
52,0.1028,8,5,0,60,0
61,0.1198,6,3,0,60,0
61,0.1758,4,1,0,60,0
61,0.166,5,2,0,60,0
61,0.1093,3,1,0,60,0
61,0.1207,8,5,0,60,0
9,0.0582,6,4,0,60,0
9,0.0482,4,1,0,60,0
9,0.0236,5,2,0,60,0
9,0.0628,3,1,0,60,0
9,0.1796,8,5,0,60,0
21,0.1343,6,4,0,60,0
21,0.1714,4,1,0,60,0
21,0.1458,5,3,0,60,0
21,0.1149,3,1,0,60,0
21,0.0748,8,5,0,60,0
23,0.0167,6,4,0,60,0
23,0.0424,4,1,0,60,0
23,0.0301,5,3,0,60,0
23,0.0331,3,1,0,60,0
23,0.1715,8,6,0,60,0
8,0.091,6,4,0,60,0
8,0.1482,4,2,0,60,0
8,0.1314,5,3,0,60,0
8,0.0732,3,1,0,60,0
8,0.082,8,6,0,60,0
15,0.1011,6,4,0,60,0
15,0.1587,4,2,0,60,0
15,0.1459,5,3,0,60,0
15,0.0876,3,2,0,60,0
15,0.1017,8,6,0,60,0
20,0.1025,6,5,0,60,0
20,0.157,4,2,0,60,0
20,0.1491,5,3,0,60,0
20,0.0947,3,2,0,60,0
20,0.1327,8,6,0,60,0
13,0.0602,6,5,0,60,0
13,0.07,4,2,0,60,0
13,0.0439,5,3,0,60,0
13,0.0562,3,2,0,60,0
13,0.1571,8,7,0,60,0
44,0.0267,6,5,0,60,0
44,0.0788,4,2,0,60,0
44,0.0724,5,4,0,60,0
44,0.0322,3,2,0,60,0
44,0.1565,8,7,0,60,0
34,0.1388,6,6,0,60,15
34,0.1915,4,2,0,60,0
34,0.1699,5,4,0,60,0
34,0.1182,3,2,0,60,0
34,0.0225,8,7,0,60,0
27,0.1397,6,6,0,60,15
27,0.1678,4,2,0,60,0
27,0.1417,5,4,0,60,0
27,0.1226,3,2,0,60,0
27,0.1035,8,8,0,60,15
25,0.0196,6,6,0,60,15
25,0.0396,4,3,0,60,0
25,0.0352,5,4,0,60,0
25,0.0399,3,2,0,60,0
25,0.1795,8,8,0,60,15
55,0.0562,6,6,0,60,15
55,0.1117,4,3,0,60,0
55,0.1028,5,5,0,60,15
55,0.0497,3,2,0,60,0
55,0.1355,8,8,0,60,15
47,0.0823,6,6,0,60,15
47,0.1287,4,3,0,60,0
47,0.127,5,5,0,60,15
47,0.0834,3,3,0,60,15
47,0.1651,8,8,0,60,15
14,0.089,6,6,0,60,15
14,0.0888,4,4,0,60,15
14,0.0647,5,5,0,60,15
14,0.0845,3,3,0,60,15
14,0.1663,8,8,0,60,15
7,0.1804,6,6,0,60,15
7,0.2154,4,4,0,60,15
7,0.1894,5,5,1,60,15
7,0.1611,3,3,0,60,15
7,0.086,8,8,0,60,15
69,0.1495,6,6,0,60,15
69,0.1837,4,4,0,60,15
69,0.1577,5,5,1,60,15
69,0.1306,3,3,0,60,15
69,0.0834,8,8,1,60,15
36,0.0826,6,6,0,60,15
36,0.1401,4,4,0,60,15
36,0.124,5,5,1,60,15
36,0.0655,3,3,0,60,15
36,0.0908,8,8,2,60,15
11,0.1211,6,6,0,60,15
11,0.1551,4,4,0,60,15
11,0.1293,5,5,1,60,15
11,0.1026,3,3,1,60,15
11,0.0884,8,8,2,60,15
26,0.0489,6,6,0,60,15
26,0.1049,4,4,0,60,15
26,0.0955,5,5,1,60,15
26,0.0424,3,3,1,60,15
26,0.1363,8,8,3,60,15
23,0.032,6,6,0,60,15
23,0.0814,4,4,0,60,15
23,0.0767,5,5,1,60,15
23,0.0385,3,3,2,60,15
23,0.16,8,8,3,60,15
8,0.1675,6,6,1,60,15
8,0.2236,4,4,0,60,15
8,0.2044,5,5,1,60,15
8,0.1483,3,3,2,60,15
8,0.0438,8,8,3,60,15
49,0.103,6,6,1,60,15
49,0.16,4,4,0,60,15
49,0.1427,5,5,1,60,15
49,0.0848,3,3,2,60,15
49,0.0725,8,8,4,60,15
29,0.0212,6,6,1,60,15
29,0.0445,4,4,0,60,15
29,0.0436,5,5,1,60,15
29,0.0421,3,3,2,60,15
29,0.1812,8,8,5,60,15
37,0.0864,6,6,2,60,15
37,0.1207,4,4,0,60,15
37,0.0952,5,5,1,60,15
37,0.0689,3,3,2,60,15
37,0.1044,8,8,5,60,15
29,0.0372,6,6,2,60,15
29,0.0864,4,4,0,60,15
29,0.082,5,5,1,60,15
29,0.0423,3,3,3,60,45
29,0.1593,8,8,5,60,15
42,0.1513,6,6,3,60,15
42,0.207,4,4,0,60,15
42,0.1874,5,5,1,60,15
42,0.1318,3,3,3,60,45
42,0.0365,8,8,5,60,15
52,0.0835,6,6,3,60,15
52,0.1173,4,4,0,60,15
52,0.0917,5,5,1,60,15
52,0.0664,3,3,3,60,45
52,0.1075,8,8,6,60,15
17,0.0855,6,0,0,60,0
17,0.1423,4,0,0,60,0
17,0.1315,5,0,0,60,0
17,0.0746,3,0,0,60,0
17,0.117,8,0,0,60,0
10,0.0798,6,0,0,60,0
10,0.1353,4,0,0,60,0
10,0.1263,5,0,0,60,0
10,0.0716,3,0,0,60,0
10,0.1287,8,1,0,60,0
36,0.0877,6,0,0,60,0
36,0.0369,4,0,0,60,0
36,0.0422,5,0,0,60,0
36,0.101,3,0,0,60,0
36,0.228,8,2,0,60,0
5,0.0283,6,1,0,60,0
5,0.0426,4,0,0,60,0
5,0.0217,5,0,0,60,0
5,0.0372,3,0,0,60,0
5,0.1695,8,2,0,60,0
20,0.1056,6,1,0,60,0
20,0.1227,4,0,0,60,0
20,0.1345,5,1,0,60,0
20,0.119,3,0,0,60,0
20,0.2304,8,2,0,60,0
56,0.0458,6,2,0,60,0
56,0.083,4,0,0,60,0
56,0.0591,5,1,0,60,0
56,0.0312,3,0,0,60,0
56,0.1306,8,2,0,60,0
34,0.1402,6,2,0,60,0
34,0.1954,4,0,0,60,0
34,0.1755,5,1,0,60,0
34,0.1204,3,0,0,60,0
34,0.035,8,3,0,60,0
13,0.0918,6,2,0,60,0
13,0.1026,4,0,0,60,0
13,0.1161,5,1,0,60,0
13,0.1077,3,0,0,60,0
13,0.2286,8,4,0,60,0
14,0.1182,6,3,0,60,0
14,0.1678,4,0,0,60,0
14,0.145,5,1,0,60,0
14,0.0972,3,0,0,60,0
14,0.0447,8,4,0,60,0
57,0.0979,6,3,0,60,0
57,0.1058,4,0,0,60,0
57,0.0806,5,1,0,60,0
57,0.0895,3,0,0,60,0
57,0.1528,8,5,0,60,0
85,0.0556,6,3,0,60,0
85,0.0339,4,0,0,60,0
85,0.0117,5,2,0,60,0
85,0.0649,3,0,0,60,0
85,0.1899,8,5,0,60,0
16,0.113,6,3,0,60,0
16,0.1318,4,1,0,60,0
16,0.1059,5,2,0,60,0
16,0.0996,3,0,0,60,0
16,0.1295,8,5,0,60,0
6,0.0182,6,3,0,60,0
6,0.0707,4,1,0,60,0
6,0.0636,5,2,0,60,0
6,0.0276,3,1,0,60,0
6,0.1589,8,5,0,60,0
35,0.1625,6,4,0,60,0
35,0.2195,4,1,0,60,0
35,0.2015,5,2,0,60,0
35,0.1442,3,1,0,60,0
35,0.0559,8,5,0,60,0
50,0.1615,6,4,0,60,0
50,0.2089,4,1,0,60,0
50,0.1849,5,2,0,60,0
50,0.1406,3,1,0,60,0
50,0.0259,8,6,0,60,0
20,0.0858,6,4,0,60,0
20,0.1041,4,1,0,60,0
20,0.1148,5,2,0,60,0
20,0.1,3,1,0,60,0
20,0.2169,8,7,0,60,0
43,0.1188,6,4,0,60,0
43,0.1703,4,2,0,60,0
43,0.1483,5,2,0,60,0
43,0.098,3,1,0,60,0
43,0.0417,8,7,0,60,0
37,0.1657,6,4,0,60,0
37,0.2214,4,2,0,60,0
37,0.2018,5,2,0,60,0
37,0.1463,3,1,0,60,0
37,0.0383,8,8,0,60,15
21,0.031,6,4,0,60,0
21,0.0888,4,2,0,60,0
21,0.0758,5,2,0,60,0
21,0.0198,3,2,0,60,0
21,0.1351,8,8,0,60,15
41,0.0923,6,4,0,60,0
41,0.0579,4,2,0,60,0
41,0.0473,5,3,0,60,0
41,0.0997,3,2,0,60,0
41,0.2125,8,8,0,60,15
22,0.1612,6,4,0,60,0
22,0.2092,4,2,0,60,0
22,0.1855,5,4,0,60,0
22,0.1402,3,2,0,60,0
22,0.0221,8,8,0,60,15
6,0.0372,6,5,0,60,0
6,0.0935,4,2,0,60,0
6,0.0837,5,4,0,60,0
6,0.0318,3,2,0,60,0
6,0.1403,8,8,0,60,15
24,0.0965,6,5,0,60,0
24,0.1528,4,2,0,60,0
24,0.1346,5,4,0,60,0
24,0.0775,3,3,0,60,15
24,0.0716,8,8,0,60,15
44,0.0699,6,6,0,60,15
44,0.1276,4,2,0,60,0
44,0.1142,5,4,0,60,0
44,0.0558,3,3,0,60,15
44,0.1096,8,8,0,60,15
17,0.0772,6,6,0,60,15
17,0.1346,4,3,0,60,0
17,0.1185,5,4,0,60,0
17,0.06,3,3,0,60,15
17,0.0943,8,8,0,60,15
17,0.0954,6,6,0,60,15
17,0.1261,4,3,0,60,0
17,0.1324,5,5,0,60,15
17,0.1045,3,3,0,60,15
17,0.2042,8,8,0,60,15
54,0.1055,6,6,0,60,15
54,0.1595,4,4,0,60,15
54,0.1391,5,5,0,60,15
54,0.0852,3,3,0,60,15
54,0.0562,8,8,0,60,15
22,0.0464,6,6,0,60,15
22,0.0174,4,4,0,60,15
22,0.0094,5,5,0,60,15
22,0.0614,3,3,0,60,15
22,0.1955,8,8,1,60,15
7,0.1489,6,6,0,60,15
7,0.2014,4,4,0,60,15
7,0.1795,5,5,1,60,15
7,0.1283,3,3,0,60,15
7,0.0128,8,8,1,60,15
15,0.0843,6,6,0,60,15
15,0.1357,4,4,0,60,15
15,0.1305,5,5,1,60,15
15,0.0808,3,3,0,60,15
15,0.148,8,8,2,60,15
14,0.0786,6,6,0,60,15
14,0.0801,4,4,0,60,15
14,0.0553,5,5,1,60,15
14,0.0747,3,3,1,60,15
14,0.1643,8,8,2,60,15
16,0.0337,6,6,0,60,15
16,0.0609,4,4,0,60,15
16,0.0373,5,5,2,60,15
16,0.0306,3,3,1,60,15
16,0.1522,8,8,2,60,15
13,0.1492,6,6,0,60,15
13,0.1865,4,4,0,60,15
13,0.1608,5,5,2,60,15
13,0.1296,3,3,2,60,15
13,0.0716,8,8,2,60,15
22,0.1275,6,6,0,60,15
22,0.1848,4,4,0,60,15
22,0.1724,5,5,2,60,15
22,0.1141,3,3,2,60,15
22,0.1019,8,8,3,60,15
31,0.0657,6,6,0,60,15
31,0.0106,4,4,0,60,15
31,0.0269,5,5,2,60,15
31,0.0819,3,3,2,60,15
31,0.216,8,8,4,60,15
11,0.0498,6,6,0,60,15
11,0.1076,4,4,1,60,15
11,0.0935,5,5,2,60,15
11,0.0352,3,3,2,60,15
11,0.1194,8,8,4,60,15
25,0.1526,6,6,0,60,15
25,0.2101,4,4,1,60,15
25,0.1937,5,5,2,60,15
25,0.1354,3,3,3,60,45
25,0.0694,8,8,4,60,15
17,0.0979,6,6,0,60,15
17,0.1313,4,4,1,60,15
17,0.1365,5,5,2,60,15
17,0.1056,3,3,3,60,45
17,0.2004,8,8,5,60,15
56,0.1466,6,6,1,60,15
56,0.2016,4,4,1,60,15
56,0.1816,5,5,2,60,15
56,0.1268,3,3,3,60,45
56,0.0314,8,8,5,60,15
77,0.0587,6,6,1,60,15
77,0.101,4,4,1,60,15
77,0.1009,5,5,2,60,15
77,0.065,3,3,3,60,45
77,0.1716,8,8,6,60,15
48,0.0799,6,6,2,60,15
48,0.1337,4,4,1,60,15
48,0.1265,5,5,2,60,15
48,0.0739,3,3,3,60,45
48,0.1375,8,8,6,60,15
60,0.0711,6,6,3,60,15
60,0.1069,4,4,1,60,15
60,0.0818,5,5,2,60,15
60,0.0539,3,3,3,60,45
60,0.1121,8,8,6,60,15
40,0.1617,6,6,4,60,15
40,0.2192,4,4,1,60,15
40,0.2024,5,5,2,60,15
40,0.1443,3,3,3,60,45
40,0.0689,8,8,6,60,15
49,0.0551,6,6,4,60,15
49,0.0764,4,4,1,60,15
49,0.0842,5,5,2,60,15
49,0.0711,3,3,3,60,45
49,0.198,8,8,7,60,15
20,0.0816,6,6,5,60,15
20,0.0428,4,4,1,60,15
20,0.0352,5,5,2,60,15
20,0.0914,3,3,3,60,45
20,0.212,8,8,7,60,15
50,0.0773,6,0,0,60,0
50,0.0958,4,0,0,60,0
50,0.0697,5,0,0,60,0
50,0.0667,3,0,0,60,0
50,0.1384,8,0,0,60,0
56,0.0916,6,0,0,60,0
56,0.143,4,0,0,60,0
56,0.1214,5,0,0,60,0
56,0.0707,3,0,0,60,0
56,0.0691,8,1,0,60,0
31,0.1032,6,0,0,60,0
31,0.1279,4,0,0,60,0
31,0.1017,5,0,0,60,0
31,0.0882,3,0,0,60,0
31,0.118,8,2,0,60,0
7,0.0541,6,1,0,60,0
7,0.0701,4,0,0,60,0
7,0.0441,5,0,0,60,0
7,0.0487,3,0,0,60,0
7,0.1518,8,2,0,60,0
18,0.1435,6,1,0,60,0
18,0.2011,4,0,0,60,0
18,0.1849,5,1,0,60,0
18,0.1265,3,0,0,60,0
18,0.0709,8,2,0,60,0
15,0.0362,6,1,0,60,0
15,0.0657,4,0,0,60,0
15,0.0688,5,1,0,60,0
15,0.0527,3,0,0,60,0
15,0.1839,8,3,0,60,0
26,0.042,6,2,0,60,0
26,0.0472,4,0,0,60,0
26,0.0571,5,1,0,60,0
26,0.0625,3,0,0,60,0
26,0.1999,8,3,0,60,0
55,0.1515,6,3,0,60,0
55,0.2083,4,0,0,60,0
55,0.1901,5,1,0,60,0
55,0.133,3,0,0,60,0
55,0.0514,8,3,0,60,0
56,0.1595,6,3,0,60,0
56,0.2164,4,0,0,60,0
56,0.1984,5,1,0,60,0
56,0.1411,3,0,0,60,0
56,0.0547,8,4,0,60,0
11,0.0679,6,3,0,60,0
11,0.0997,4,0,0,60,0
11,0.0742,5,1,0,60,0
11,0.0527,3,0,0,60,0
11,0.1211,8,5,0,60,0
9,0.0972,6,3,0,60,0
9,0.1526,4,0,0,60,0
9,0.1436,5,2,0,60,0
9,0.0882,3,0,0,60,0
9,0.1261,8,5,0,60,0
12,0.1041,6,3,0,60,0
12,0.1554,4,0,0,60,0
12,0.1505,5,2,0,60,0
12,0.0998,3,1,0,60,0
12,0.1505,8,5,0,60,0
13,0.1028,6,4,0,60,0
13,0.1324,4,0,0,60,0
13,0.1064,5,2,0,60,0
13,0.0862,3,1,0,60,0
13,0.1066,8,5,0,60,0
42,0.0653,6,4,0,60,0
42,0.1065,4,1,0,60,0
42,0.1072,5,2,0,60,0
42,0.0716,3,1,0,60,0
42,0.1749,8,5,0,60,0
23,0.1294,6,4,0,60,0
23,0.1845,4,2,0,60,0
23,0.1647,5,2,0,60,0
23,0.1096,3,1,0,60,0
23,0.0408,8,5,0,60,0
88,0.0879,6,4,0,60,0
88,0.1169,4,2,0,60,0
88,0.1237,5,2,0,60,0
88,0.0982,3,1,0,60,0
88,0.2035,8,6,0,60,0
15,0.0832,6,4,0,60,0
15,0.1349,4,2,0,60,0
15,0.1135,5,3,0,60,0
15,0.0623,3,1,0,60,0
15,0.0775,8,6,0,60,0
6,0.0741,6,4,0,60,0
6,0.0413,4,2,0,60,0
6,0.0285,5,3,0,60,0
6,0.083,3,2,0,60,0
6,0.2032,8,6,0,60,0
18,0.1034,6,4,0,60,0
18,0.1559,4,2,0,60,0
18,0.1499,5,4,0,60,0
18,0.0979,3,2,0,60,0
18,0.1445,8,6,0,60,0
14,0.1528,6,5,0,60,0
14,0.1883,4,2,0,60,0
14,0.1624,5,4,0,60,0
14,0.1335,3,2,0,60,0
14,0.0786,8,6,0,60,0
16,0.1152,6,5,0,60,0
16,0.1331,4,2,0,60,0
16,0.1449,5,4,0,60,0
16,0.1279,3,2,0,60,0
16,0.2354,8,7,0,60,0
63,0.0784,6,5,0,60,0
63,0.0674,4,3,0,60,0
63,0.0451,5,4,0,60,0
63,0.0793,3,2,0,60,0
63,0.1807,8,7,0,60,0
15,0.0726,6,5,0,60,0
15,0.0996,4,3,0,60,0
15,0.1065,5,5,0,60,15
15,0.0849,3,2,0,60,0
15,0.1996,8,7,0,60,0
54,0.0318,6,6,0,60,15
54,0.0895,4,3,0,60,0
54,0.076,5,5,0,60,15
54,0.0192,3,2,0,60,0
54,0.1334,8,7,0,60,0
58,0.0346,6,6,0,60,15
58,0.0342,4,3,0,60,0
58,0.0413,5,5,0,60,15
58,0.0555,3,3,0,60,15
58,0.195,8,7,0,60,0
8,0.0733,6,6,0,60,15
8,0.0527,4,4,0,60,15
8,0.033,5,5,0,60,15
8,0.0783,3,3,0,60,15
8,0.191,8,7,0,60,0
73,0.0526,6,6,0,60,15
73,0.0354,4,4,0,60,15
73,0.011,5,5,0,60,15
73,0.0613,3,3,0,60,15
73,0.1863,8,8,0,60,15
16,0.0658,6,6,0,60,15
16,0.1224,4,4,0,60,15
16,0.1053,5,5,1,60,15
16,0.0472,3,3,0,60,15
16,0.0989,8,8,0,60,15
62,0.1073,6,6,0,60,15
62,0.1622,4,4,0,60,15
62,0.1538,5,5,1,60,15
62,0.0987,3,3,1,60,15
62,0.1297,8,8,0,60,15
26,0.1021,6,6,0,60,15
26,0.1415,4,4,0,60,15
26,0.1439,5,5,1,60,15
26,0.1064,3,3,2,60,15
26,0.1889,8,8,0,60,15
56,0.0878,6,6,1,60,15
56,0.0837,4,4,0,60,15
56,0.0602,5,5,1,60,15
56,0.0849,3,3,2,60,15
56,0.1721,8,8,0,60,15
82,0.0481,6,6,1,60,15
82,0.0704,4,4,0,60,15
82,0.0772,5,5,2,60,15
82,0.0648,3,3,2,60,15
82,0.194,8,8,0,60,15
48,0.0799,6,6,2,60,15
48,0.1368,4,4,0,60,15
48,0.1258,5,5,2,60,15
48,0.0688,3,3,2,60,15
48,0.1174,8,8,0,60,15
55,0.0067,6,6,2,60,15
55,0.0609,4,4,0,60,15
55,0.052,5,5,2,60,15
55,0.0235,3,3,3,60,45
55,0.1613,8,8,0,60,15
63,0.0442,6,6,3,60,15
63,0.0999,4,4,0,60,15
63,0.0824,5,5,2,60,15
63,0.0246,3,3,3,60,45
63,0.1168,8,8,0,60,15
39,0.1105,6,6,4,60,15
39,0.1588,4,4,0,60,15
39,0.1357,5,5,2,60,15
39,0.0895,3,3,3,60,45
39,0.0544,8,8,0,60,15
20,0.0777,6,6,4,60,15
20,0.1308,4,4,0,60,15
20,0.1103,5,5,2,60,15
20,0.057,3,3,3,60,45
20,0.0827,8,8,1,60,15
53,0.1267,6,6,5,60,15
53,0.1823,4,4,0,60,15
53,0.163,5,5,2,60,15
53,0.1072,3,3,3,60,45
53,0.0457,8,8,1,60,15
49,0.1184,6,6,5,60,15
49,0.1756,4,4,0,60,15
49,0.1636,5,5,2,60,15
49,0.1055,3,3,3,60,45
49,0.1048,8,8,2,60,15
51,0.1623,6,6,5,60,15
51,0.2118,4,4,0,60,15
51,0.1885,5,5,2,60,15
51,0.1413,3,3,3,60,45
51,0.0134,8,8,3,60,15
78,0.0988,6,6,5,60,15
78,0.1566,4,4,0,60,15
78,0.1419,5,5,2,60,15
78,0.0831,3,3,3,60,45
78,0.0902,8,8,4,60,15
17,0.0259,6,0,0,60,0
17,0.0652,4,0,0,60,0
17,0.064,5,0,0,60,0
17,0.0414,3,0,0,60,0
17,0.1736,8,0,0,60,0
9,0.0894,6,1,0,60,0
9,0.1005,4,0,0,60,0
9,0.0749,5,0,0,60,0
9,0.0805,3,0,0,60,0
9,0.1478,8,0,0,60,0
14,0.0693,6,1,0,60,0
14,0.0925,4,0,0,60,0
14,0.0665,5,0,0,60,0
14,0.0577,3,0,0,60,0
14,0.1343,8,1,0,60,0
27,0.112,6,1,0,60,0
27,0.124,4,0,0,60,0
27,0.1378,5,0,0,60,0
27,0.1267,3,0,0,60,0
27,0.2411,8,2,0,60,0
7,0.1733,6,2,0,60,0
7,0.231,4,0,0,60,0
7,0.215,5,0,0,60,0
7,0.1565,3,0,0,60,0
7,0.081,8,2,0,60,0
82,0.1532,6,2,0,60,0
82,0.185,4,0,0,60,0
82,0.1589,5,0,0,60,0
82,0.1349,3,0,0,60,0
82,0.0919,8,3,0,60,0
19,0.0917,6,2,0,60,0
19,0.1251,4,0,0,60,0
19,0.1301,5,0,0,60,0
19,0.0997,3,0,0,60,0
19,0.1975,8,4,0,60,0
10,0.0515,6,2,0,60,0
10,0.0534,4,0,0,60,0
10,0.0274,5,1,0,60,0
10,0.0533,3,0,0,60,0
10,0.1689,8,4,0,60,0
19,0.067,6,2,0,60,0
19,0.1142,4,0,0,60,0
19,0.1117,5,2,0,60,0
19,0.0688,3,0,0,60,0
19,0.1615,8,4,0,60,0
39,0.1337,6,3,0,60,0
39,0.1914,4,0,0,60,0
39,0.1773,5,2,0,60,0
39,0.1186,3,0,0,60,0
39,0.0887,8,4,0,60,0
37,0.128,6,3,0,60,0
37,0.1819,4,0,0,60,0
37,0.1612,5,2,0,60,0
37,0.1077,3,0,0,60,0
37,0.0356,8,5,0,60,0
33,0.0954,6,3,0,60,0
33,0.1418,4,0,0,60,0
33,0.1183,5,2,0,60,0
33,0.0746,3,0,0,60,0
33,0.0722,8,6,0,60,0
60,0.0411,6,3,0,60,0
60,0.0689,4,0,0,60,0
60,0.0443,5,2,0,60,0
60,0.0337,3,1,0,60,0
60,0.1457,8,6,0,60,0
26,0.0737,6,3,0,60,0
26,0.1036,4,1,0,60,0
26,0.0779,5,2,0,60,0
26,0.0587,3,1,0,60,0
26,0.1206,8,6,0,60,0
37,0.1431,6,4,0,60,0
37,0.2005,4,1,0,60,0
37,0.1837,5,2,0,60,0
37,0.1256,3,1,0,60,0
37,0.0645,8,6,0,60,0
35,0.1131,6,4,0,60,0
35,0.1609,4,1,0,60,0
35,0.1375,5,2,0,60,0
35,0.0921,3,1,0,60,0
35,0.0532,8,7,0,60,0
11,0.0215,6,4,0,60,0
11,0.0384,4,1,0,60,0
11,0.0357,5,3,0,60,0
11,0.042,3,1,0,60,0
11,0.1816,8,7,0,60,0
43,0.0666,6,4,0,60,0
43,0.0709,4,2,0,60,0
43,0.0848,5,3,0,60,0
43,0.0853,3,1,0,60,0
43,0.2169,8,7,0,60,0
46,0.0891,6,5,0,60,0
46,0.1465,4,2,0,60,0
46,0.1301,5,3,0,60,0
46,0.0717,3,1,0,60,0
46,0.0854,8,7,0,60,0
59,0.1678,6,5,0,60,0
59,0.2255,4,2,0,60,0
59,0.2117,5,3,0,60,0
59,0.153,3,2,0,60,0
59,0.1,8,7,0,60,0
6,0.0522,6,5,0,60,0
6,0.0086,4,2,0,60,0
6,0.0176,5,3,0,60,0
6,0.0686,3,2,0,60,0
6,0.204,8,8,0,60,15
10,0.0841,6,5,0,60,0
10,0.1368,4,3,0,60,0
10,0.1159,5,3,0,60,0
10,0.0633,3,2,0,60,0
10,0.0763,8,8,0,60,15
59,0.0692,6,5,0,60,0
59,0.0916,4,3,0,60,0
59,0.1,5,3,0,60,0
59,0.0834,3,3,0,60,15
59,0.2035,8,8,0,60,15
22,0.0261,6,5,0,60,0
22,0.0333,4,3,0,60,0
22,0.0322,5,4,0,60,0
22,0.0461,3,3,0,60,15
22,0.1856,8,8,0,60,15
59,0.0735,6,6,0,60,15
59,0.0876,4,3,0,60,0
59,0.0616,5,4,0,60,0
59,0.0652,3,3,0,60,15
59,0.1467,8,8,0,60,15
23,0.0825,6,6,0,60,15
23,0.0928,4,3,0,60,0
23,0.0671,5,5,0,60,15
23,0.0745,3,3,0,60,15
23,0.1503,8,8,0,60,15
24,0.0544,6,6,0,60,15
24,0.0961,4,4,0,60,15
24,0.0962,5,5,0,60,15
24,0.0618,3,3,0,60,15
24,0.1724,8,8,0,60,15
7,0.0406,6,6,1,60,15
7,0.0192,4,4,0,60,15
7,0.0138,5,5,0,60,15
7,0.0567,3,3,0,60,15
7,0.1927,8,8,0,60,15
38,0.1016,6,6,1,60,15
38,0.159,4,4,0,60,15
38,0.1466,5,5,1,60,15
38,0.0885,3,3,0,60,15
38,0.1042,8,8,0,60,15
77,0.0927,6,6,1,60,15
77,0.1392,4,4,0,60,15
77,0.1158,5,5,1,60,15
77,0.072,3,3,1,60,15
77,0.0745,8,8,0,60,15
15,0.0787,6,6,1,60,15
15,0.13,4,4,0,60,15
15,0.1249,5,5,1,60,15
15,0.0757,3,3,2,60,15
15,0.1486,8,8,0,60,15
23,0.0325,6,6,1,60,15
23,0.0273,4,4,0,60,15
23,0.0165,5,5,1,60,15
23,0.0483,3,3,3,60,45
23,0.1848,8,8,0,60,15
50,0.048,6,6,1,60,15
50,0.0787,4,4,0,60,15
50,0.0539,5,5,2,60,15
50,0.0366,3,3,3,60,45
50,0.1369,8,8,0,60,15
6,0.1218,6,6,2,60,15
6,0.15,4,4,0,60,15
6,0.1239,5,5,2,60,15
6,0.1051,3,3,3,60,45
6,0.105,8,8,0,60,15
24,0.1021,6,6,2,60,15
24,0.1369,4,4,0,60,15
24,0.1415,5,5,2,60,15
24,0.1089,3,3,3,60,45
24,0.1994,8,8,1,60,15
21,0.0914,6,6,3,60,15
21,0.1487,4,4,0,60,15
21,0.1321,5,5,2,60,15
21,0.0738,3,3,3,60,45
21,0.0829,8,8,1,60,15
25,0.0344,6,6,3,60,15
25,0.0335,4,4,0,60,15
25,0.0127,5,5,2,60,15
25,0.0461,3,3,3,60,45
25,0.1789,8,8,2,60,15
11,0.0187,6,6,3,60,15
11,0.0762,4,4,0,60,15
11,0.0625,5,5,3,60,15
11,0.0096,3,3,3,60,45
11,0.143,8,8,2,60,15
45,0.1832,6,6,4,60,15
45,0.2169,4,4,0,60,15
45,0.1908,5,5,3,60,15
45,0.1642,3,3,3,60,45
45,0.0921,8,8,2,60,15
38,0.1514,6,0,0,60,0
38,0.1905,4,0,0,60,0
38,0.165,5,0,0,60,0
38,0.1315,3,0,0,60,0
38,0.0648,8,0,0,60,0
17,0.0667,6,0,0,60,0
17,0.0783,4,0,0,60,0
17,0.0901,5,0,0,60,0
17,0.084,3,0,0,60,0
17,0.212,8,1,0,60,0
64,0.0279,6,1,0,60,0
64,0.03,4,0,0,60,0
64,0.0232,5,0,0,60,0
64,0.0456,3,0,0,60,0
64,0.1838,8,1,0,60,0
24,0.1152,6,1,0,60,0
24,0.1633,4,0,0,60,0
24,0.1399,5,1,0,60,0
24,0.0943,3,0,0,60,0
24,0.0508,8,1,0,60,0
14,0.0636,6,1,0,60,0
14,0.0881,4,0,0,60,0
14,0.0955,5,1,0,60,0
14,0.0776,3,0,0,60,0
14,0.1986,8,2,0,60,0
47,0.1023,6,2,0,60,0
47,0.151,4,0,0,60,0
47,0.1281,5,1,0,60,0
47,0.0814,3,0,0,60,0
47,0.0616,8,2,0,60,0
19,0.0449,6,2,0,60,0
19,0.0913,4,0,0,60,0
19,0.0887,5,1,0,60,0
19,0.0506,3,0,0,60,0
19,0.1636,8,3,0,60,0
38,0.0478,6,3,0,60,0
38,0.0929,4,0,0,60,0
38,0.0911,5,1,0,60,0
38,0.054,3,0,0,60,0
38,0.166,8,3,0,60,0
42,0.0711,6,3,0,60,0
42,0.098,4,0,0,60,0
42,0.0721,5,2,0,60,0
42,0.0577,3,0,0,60,0
42,0.1272,8,3,0,60,0
38,0.1803,6,3,0,60,0
38,0.238,4,0,0,60,0
38,0.2226,5,2,0,60,0
38,0.164,3,0,0,60,0
38,0.0895,8,4,0,60,0
5,0.1581,6,3,0,60,0
5,0.21,4,0,0,60,0
5,0.1879,5,2,0,60,0
5,0.1374,3,0,0,60,0
5,0.0036,8,5,0,60,0
10,0.0517,6,3,0,60,0
10,0.0864,4,0,0,60,0
10,0.0618,5,2,0,60,0
10,0.0373,3,0,0,60,0
10,0.1288,8,6,0,60,0
39,0.1702,6,3,0,60,0
39,0.2279,4,1,0,60,0
39,0.212,5,2,0,60,0
39,0.1536,3,0,0,60,0
39,0.0804,8,6,0,60,0
19,0.1271,6,3,0,60,0
19,0.1847,4,1,0,60,0
19,0.1684,5,2,0,60,0
19,0.11,3,0,0,60,0
19,0.071,8,7,0,60,0
10,0.1132,6,3,0,60,0
10,0.1699,4,1,0,60,0
10,0.159,5,2,0,60,0
10,0.1016,3,1,0,60,0
10,0.1132,8,7,0,60,0
12,0.1109,6,4,0,60,0
12,0.1679,4,1,0,60,0
12,0.1505,5,2,0,60,0
12,0.0927,3,1,0,60,0
12,0.0676,8,7,0,60,0
6,0.0841,6,4,0,60,0
6,0.1301,4,1,0,60,0
6,0.1286,5,2,0,60,0
6,0.0852,3,2,0,60,0
6,0.1663,8,7,0,60,0
60,0.0665,6,4,0,60,0
60,0.0276,4,1,0,60,0
60,0.02,5,3,0,60,0
60,0.0784,3,2,0,60,0
60,0.2054,8,7,0,60,0
75,0.0761,6,4,0,60,0
75,0.1272,4,2,0,60,0
75,0.1057,5,3,0,60,0
75,0.0551,3,2,0,60,0
75,0.085,8,7,0,60,0
15,0.0541,6,5,0,60,0
15,0.092,4,2,0,60,0
15,0.0679,5,3,0,60,0
15,0.0377,3,2,0,60,0
15,0.1224,8,7,0,60,0
6,0.0817,6,5,0,60,0
6,0.0809,4,2,0,60,0
6,0.0565,5,4,0,60,0
6,0.0782,3,2,0,60,0
6,0.1672,8,7,0,60,0
53,0.1047,6,5,0,60,0
53,0.1179,4,3,0,60,0
53,0.0923,5,4,0,60,0
53,0.0937,3,2,0,60,0
53,0.1421,8,7,0,60,0
21,0.1233,6,5,0,60,0
21,0.1729,4,3,0,60,0
21,0.1501,5,5,0,60,15
21,0.1024,3,2,0,60,0
21,0.0398,8,7,0,60,0
24,0.1389,6,5,0,60,0
24,0.1955,4,3,0,60,0
24,0.1847,5,5,0,60,15
24,0.1271,3,2,0,60,0
24,0.116,8,8,0,60,15
56,0.1039,6,5,0,60,0
56,0.1163,4,3,0,60,0
56,0.1297,5,5,0,60,15
56,0.1187,3,3,0,60,15
56,0.2349,8,8,0,60,15
49,0.0313,6,6,0,60,15
49,0.0853,4,3,0,60,0
49,0.0675,5,5,0,60,15
49,0.0104,3,3,0,60,15
49,0.1292,8,8,0,60,15
31,0.1621,6,6,0,60,15
31,0.2197,4,4,0,60,15
31,0.2038,5,5,0,60,15
31,0.1453,3,3,0,60,15
31,0.0771,8,8,0,60,15
53,0.1177,6,6,0,60,15
53,0.1615,4,4,0,60,15
53,0.137,5,5,0,60,15
53,0.0972,3,3,0,60,15
53,0.0605,8,8,1,60,15
18,0.0965,6,6,0,60,15
18,0.1475,4,4,0,60,15
18,0.1427,5,5,0,60,15
18,0.0928,3,3,0,60,15
18,0.1509,8,8,2,60,15
13,0.0712,6,6,0,60,15
13,0.0749,4,4,0,60,15
13,0.0495,5,5,0,60,15
13,0.0675,3,3,1,60,15
13,0.1621,8,8,2,60,15
13,0.109,6,6,0,60,15
13,0.1595,4,4,0,60,15
13,0.1552,5,5,1,60,15
13,0.1051,3,3,1,60,15
13,0.1545,8,8,2,60,15
6,0.1323,6,6,0,60,15
6,0.157,4,4,0,60,15
6,0.1309,5,5,1,60,15
6,0.1162,3,3,2,60,15
6,0.1132,8,8,2,60,15
47,0.0428,6,6,0,60,15
47,0.0907,4,4,0,60,15
47,0.0872,5,5,1,60,15
47,0.0477,3,3,2,60,15
47,0.1609,8,8,3,60,15
9,0.1244,6,6,1,60,15
9,0.1814,4,4,0,60,15
9,0.1637,5,5,1,60,15
9,0.1061,3,3,2,60,15
9,0.0601,8,8,3,60,15
18,0.1013,6,6,1,60,15
18,0.1582,4,4,0,60,15
18,0.1469,5,5,1,60,15
18,0.0894,3,3,2,60,15
18,0.1111,8,8,4,60,15
77,0.1263,6,6,1,60,15
77,0.1786,4,4,0,60,15
77,0.157,5,5,1,60,15
77,0.1056,3,3,3,60,45
77,0.0342,8,8,4,60,15
68,0.0682,6,6,1,60,15
68,0.0203,4,4,0,60,15
68,0.0461,5,5,1,60,15
68,0.0879,3,3,3,60,45
68,0.2269,8,8,5,60,15
62,0.0813,6,6,1,60,15
62,0.1352,4,4,1,60,15
62,0.128,5,5,1,60,15
62,0.0754,3,3,3,60,45
62,0.1376,8,8,5,60,15
40,0.1649,6,6,2,60,15
40,0.2226,4,4,1,60,15
40,0.2062,5,5,1,60,15
40,0.1479,3,3,3,60,45
40,0.0744,8,8,5,60,15
40,0.1635,6,0,0,60,0
40,0.2203,4,0,0,60,0
40,0.2022,5,0,0,60,0
40,0.145,3,0,0,60,0
40,0.0547,8,0,0,60,0
37,0.0932,6,0,0,60,0
37,0.12,4,0,0,60,0
37,0.0939,5,0,0,60,0
37,0.078,3,0,0,60,0
37,0.1168,8,1,0,60,0
21,0.1766,6,0,0,60,0
21,0.234,4,0,0,60,0
21,0.2167,5,0,0,60,0
21,0.1589,3,0,0,60,0
21,0.0694,8,2,0,60,0
34,0.15,6,0,0,60,0
34,0.196,4,0,0,60,0
34,0.1717,5,0,0,60,0
34,0.1291,3,0,0,60,0
34,0.0347,8,3,0,60,0
49,0.0412,6,0,0,60,0
49,0.0913,4,0,0,60,0
49,0.071,5,0,0,60,0
49,0.0206,3,0,0,60,0
49,0.121,8,4,0,60,0
9,0.0902,6,1,0,60,0
9,0.074,4,0,0,60,0
9,0.0541,5,0,0,60,0
9,0.0915,3,0,0,60,0
9,0.1892,8,4,0,60,0
46,0.0576,6,1,0,60,0
46,0.0343,4,0,0,60,0
46,0.0537,5,1,0,60,0
46,0.0786,3,0,0,60,0
46,0.2179,8,4,0,60,0
9,0.0131,6,2,0,60,0
9,0.0453,4,0,0,60,0
9,0.038,5,1,0,60,0
9,0.0335,3,0,0,60,0
9,0.1731,8,4,0,60,0
18,0.0619,6,3,0,60,0
18,0.1161,4,0,0,60,0
18,0.0968,5,1,0,60,0
18,0.0414,3,0,0,60,0
18,0.0987,8,4,0,60,0
41,0.0626,6,3,0,60,0
41,0.0312,4,0,0,60,0
41,0.0163,5,1,0,60,0
41,0.0731,3,1,0,60,0
41,0.1985,8,4,0,60,0
20,0.1673,6,3,0,60,0
20,0.2225,4,0,0,60,0
20,0.2024,5,2,0,60,0
20,0.1476,3,1,0,60,0
20,0.0336,8,4,0,60,0
31,0.096,6,3,0,60,0
31,0.1526,4,0,0,60,0
31,0.1348,5,2,0,60,0
31,0.0773,3,1,0,60,0
31,0.0737,8,5,0,60,0
13,0.0504,6,3,0,60,0
13,0.0106,4,0,0,60,0
13,0.0159,5,2,0,60,0
13,0.0666,3,1,0,60,0
13,0.2019,8,6,0,60,0
6,0.0931,6,3,0,60,0
6,0.1436,4,1,0,60,0
6,0.1216,5,2,0,60,0
6,0.0722,3,1,0,60,0
6,0.0683,8,6,0,60,0
37,0.1364,6,4,0,60,0
37,0.1834,4,1,0,60,0
37,0.1596,5,2,0,60,0
37,0.1154,3,1,0,60,0
37,0.0366,8,6,0,60,0
30,0.0258,6,4,0,60,0
30,0.0832,4,1,0,60,0
30,0.0688,5,2,0,60,0
30,0.0118,3,1,0,60,0
30,0.1363,8,7,0,60,0
38,0.0218,6,4,0,60,0
38,0.0758,4,1,0,60,0
38,0.068,5,2,0,60,0
38,0.027,3,2,0,60,0
38,0.1548,8,7,0,60,0
10,0.0813,6,4,0,60,0
10,0.034,4,1,0,60,0
10,0.0352,5,3,0,60,0
10,0.0939,3,2,0,60,0
10,0.2201,8,7,0,60,0
28,0.1459,6,4,0,60,0
28,0.1815,4,2,0,60,0
28,0.1557,5,3,0,60,0
28,0.1267,3,2,0,60,0
28,0.0782,8,7,0,60,0
44,0.0292,6,4,0,60,0
44,0.0456,4,2,0,60,0
44,0.0494,5,3,0,60,0
44,0.0499,3,2,0,60,0
44,0.1881,8,8,0,60,15
11,0.0402,6,5,0,60,0
11,0.0337,4,2,0,60,0
11,0.0091,5,3,0,60,0
11,0.0504,3,2,0,60,0
11,0.1805,8,8,0,60,15
37,0.152,6,5,0,60,0
37,0.2097,4,2,0,60,0
37,0.1942,5,4,0,60,0
37,0.1356,3,2,0,60,0
37,0.0789,8,8,0,60,15
21,0.0941,6,5,0,60,0
21,0.1301,4,2,0,60,0
21,0.134,5,4,0,60,0
21,0.1008,3,3,0,60,15
21,0.1935,8,8,0,60,15
39,0.0403,6,5,0,60,0
39,0.075,4,3,0,60,0
39,0.0513,5,4,0,60,0
39,0.0289,3,3,0,60,15
39,0.1383,8,8,0,60,15
89,0.1313,6,6,0,60,15
89,0.1602,4,3,0,60,0
89,0.1341,5,4,0,60,0
89,0.1141,3,3,0,60,15
89,0.1014,8,8,0,60,15
27,0.0546,6,6,0,60,15
27,0.0184,4,3,0,60,0
27,0.0393,5,5,0,60,15
27,0.0747,3,3,0,60,15
27,0.214,8,8,0,60,15
28,0.0391,6,6,0,60,15
28,0.0957,4,4,0,60,15
28,0.0795,5,5,0,60,15
28,0.0208,3,3,0,60,15
28,0.1227,8,8,0,60,15
22,0.1068,6,6,0,60,15
22,0.1644,4,4,0,60,15
22,0.1512,5,5,0,60,15
22,0.0927,3,3,1,60,15
22,0.0979,8,8,0,60,15
49,0.0497,6,6,0,60,15
49,0.0344,4,4,0,60,15
49,0.0502,5,5,0,60,15
49,0.0707,3,3,2,60,15
49,0.21,8,8,0,60,15
61,0.07,6,6,0,60,15
61,0.1192,4,4,1,60,15
61,0.1155,5,5,0,60,15
61,0.0698,3,3,2,60,15
61,0.1559,8,8,0,60,15
13,0.0087,6,6,0,60,15
13,0.0498,4,4,1,60,15
13,0.038,5,5,0,60,15
13,0.0265,3,3,3,60,45
13,0.1659,8,8,0,60,15
14,0.1553,6,6,1,60,15
14,0.2126,4,4,1,60,15
14,0.2003,5,5,0,60,15
14,0.1419,3,3,3,60,45
14,0.1083,8,8,0,60,15
24,0.0991,6,6,1,60,15
24,0.1539,4,4,1,60,15
24,0.1343,5,5,0,60,15
24,0.0791,3,3,3,60,45
24,0.064,8,8,1,60,15
44,0.0053,6,6,1,60,15
44,0.0532,4,4,1,60,15
44,0.0439,5,5,0,60,15
44,0.0262,3,3,3,60,45
44,0.1657,8,8,2,60,15
10,0.1021,6,6,2,60,15
10,0.1445,4,4,1,60,15
10,0.1453,5,5,0,60,15
10,0.1047,3,3,3,60,45
10,0.1811,8,8,2,60,15
28,0.0478,6,6,3,60,15
28,0.0446,4,4,1,60,15
28,0.0576,5,5,0,60,15
28,0.0685,3,3,3,60,45
28,0.2064,8,8,2,60,15
35,0.1356,6,6,3,60,15
35,0.1657,4,4,2,60,15
35,0.1396,5,5,0,60,15
35,0.118,3,3,3,60,45
35,0.0976,8,8,2,60,15
40,0.1402,6,6,3,60,15
40,0.1975,4,4,2,60,15
40,0.1803,5,5,0,60,15
40,0.1224,3,3,3,60,45
40,0.0617,8,8,3,60,15
9,0.0822,6,6,3,60,15
9,0.1392,4,4,2,60,15
9,0.128,5,5,0,60,15
9,0.0709,3,3,3,60,45
9,0.116,8,8,4,60,15
5,0.0992,6,6,4,60,15
5,0.1098,4,4,2,60,15
5,0.0844,5,5,0,60,15
5,0.0897,3,3,3,60,45
5,0.1477,8,8,4,60,15
23,0.0836,6,6,4,60,15
23,0.1363,4,4,2,60,15
23,0.1301,5,5,1,60,15
23,0.0788,3,3,3,60,45
23,0.1427,8,8,4,60,15
48,0.1034,6,6,5,60,15
48,0.0567,4,4,2,60,15
48,0.0568,5,5,1,60,15
48,0.1143,3,3,3,60,45
48,0.2341,8,8,4,60,15
6,0.0888,6,6,5,60,15
6,0.0887,4,4,3,60,15
6,0.0646,5,5,1,60,15
6,0.0843,3,3,3,60,45
6,0.1661,8,8,4,60,15
37,0.0446,6,6,5,60,15
37,0.0808,4,4,3,60,15
37,0.0826,5,5,2,60,15
37,0.0567,3,3,3,60,45
37,0.1792,8,8,4,60,15
15,0.0382,6,0,0,60,0
15,0.045,4,0,0,60,0
15,0.02,5,0,0,60,0
15,0.0437,3,0,0,60,0
15,0.1697,8,0,0,60,0
26,0.0888,6,1,0,60,0
26,0.0396,4,0,0,60,0
26,0.0428,5,0,0,60,0
26,0.1015,3,0,0,60,0
26,0.227,8,0,0,60,0
55,0.0176,6,1,0,60,0
55,0.0735,4,0,0,60,0
55,0.0582,5,1,0,60,0
55,0.0042,3,0,0,60,0
55,0.1428,8,0,0,60,0
17,0.1519,6,1,0,60,0
17,0.2061,4,0,0,60,0
17,0.1853,5,1,0,60,0
17,0.1317,3,0,0,60,0
17,0.0224,8,1,0,60,0
19,0.0676,6,1,0,60,0
19,0.1211,4,0,0,60,0
19,0.1012,5,1,0,60,0
19,0.047,3,0,0,60,0
19,0.0928,8,2,0,60,0
50,0.1261,6,1,0,60,0
50,0.1822,4,0,0,60,0
50,0.1723,5,1,0,60,0
50,0.1155,3,0,0,60,0
50,0.121,8,3,0,60,0
8,0.0529,6,1,0,60,0
8,0.093,4,0,0,60,0
8,0.0937,5,1,0,60,0
8,0.0615,3,0,0,60,0
8,0.1749,8,4,0,60,0
47,0.0387,6,2,0,60,0
47,0.0465,4,0,0,60,0
47,0.0549,5,1,0,60,0
47,0.0592,3,0,0,60,0
47,0.1968,8,4,0,60,0
18,0.0703,6,3,0,60,0
18,0.0815,4,0,0,60,0
18,0.0555,5,1,0,60,0
18,0.0637,3,0,0,60,0
18,0.152,8,4,0,60,0
10,0.1239,6,3,0,60,0
10,0.1816,4,0,0,60,0
10,0.1662,5,2,0,60,0
10,0.1076,3,0,0,60,0
10,0.0787,8,4,0,60,0
33,0.0156,6,3,0,60,0
33,0.0626,4,0,0,60,0
33,0.0451,5,2,0,60,0
33,0.0137,3,0,0,60,0
33,0.1503,8,5,0,60,0
6,0.0925,6,3,0,60,0
6,0.041,4,1,0,60,0
6,0.047,5,2,0,60,0
6,0.1057,3,0,0,60,0
6,0.2322,8,5,0,60,0
5,0.0468,6,3,0,60,0
5,0.0756,4,2,0,60,0
5,0.0507,5,2,0,60,0
5,0.0368,3,0,0,60,0
5,0.1402,8,5,0,60,0
55,0.1596,6,3,0,60,0
55,0.2166,4,2,0,60,0
55,0.1988,5,2,0,60,0
55,0.1414,3,1,0,60,0
55,0.0573,8,5,0,60,0
45,0.0885,6,3,0,60,0
45,0.1101,4,2,0,60,0
45,0.1197,5,2,0,60,0
45,0.1014,3,1,0,60,0
45,0.2143,8,6,0,60,0
26,0.012,6,4,0,60,0
26,0.0682,4,2,0,60,0
26,0.0538,5,2,0,60,0
26,0.0091,3,1,0,60,0
26,0.1484,8,6,0,60,0
52,0.1232,6,4,0,60,0
52,0.1799,4,2,0,60,0
52,0.1691,5,3,0,60,0
52,0.1116,3,1,0,60,0
52,0.1142,8,6,0,60,0
66,0.0982,6,4,0,60,0
66,0.053,4,2,0,60,0
66,0.0516,5,3,0,60,0
66,0.1089,3,2,0,60,0
66,0.2286,8,6,0,60,0
41,0.0558,6,4,0,60,0
41,0.0439,4,2,0,60,0
41,0.0605,5,4,0,60,0
41,0.0767,3,2,0,60,0
41,0.215,8,6,0,60,0
8,0.1146,6,4,0,60,0
8,0.1347,4,3,0,60,0
8,0.1457,5,4,0,60,0
8,0.1267,3,2,0,60,0
8,0.2319,8,6,0,60,0
31,0.0795,6,5,0,60,0
31,0.1052,4,3,0,60,0
31,0.113,5,4,0,60,0
31,0.0916,3,2,0,60,0
31,0.2044,8,6,0,60,0
52,0.0744,6,6,0,60,15
52,0.1274,4,3,0,60,0
52,0.1069,5,4,0,60,0
52,0.0537,3,2,0,60,0
52,0.086,8,6,0,60,0
49,0.0723,6,6,0,60,15
49,0.0743,4,3,0,60,0
49,0.0492,5,4,0,60,0
49,0.0692,3,2,0,60,0
49,0.1642,8,7,0,60,0
44,0.095,6,6,0,60,15
44,0.1481,4,3,0,60,0
44,0.1416,5,5,0,60,15
44,0.0891,3,2,0,60,0
44,0.1402,8,7,0,60,0
35,0.1692,6,6,0,60,15
35,0.2072,4,3,0,60,0
35,0.1815,5,5,0,60,15
35,0.1494,3,3,0,60,15
35,0.0708,8,7,0,60,0
36,0.0777,6,6,0,60,15
36,0.0777,4,3,0,60,0
36,0.0531,5,5,0,60,15
36,0.0745,3,3,0,60,15
36,0.1663,8,8,0,60,15
60,0.1272,6,6,0,60,15
60,0.1715,4,4,0,60,15
60,0.1471,5,5,0,60,15
60,0.1066,3,3,0,60,15
60,0.0526,8,8,0,60,15
73,0.0893,6,6,0,60,15
73,0.1444,4,4,0,60,15
73,0.1251,5,5,0,60,15
73,0.0694,3,3,0,60,15
73,0.0735,8,8,1,60,15
13,0.1229,6,6,0,60,15
13,0.1679,4,4,0,60,15
13,0.1437,5,5,0,60,15
13,0.1022,3,3,1,60,15
13,0.053,8,8,1,60,15
62,0.0143,6,6,0,60,15
62,0.0484,4,4,0,60,15
62,0.0439,5,5,0,60,15
62,0.0353,3,3,1,60,15
62,0.1744,8,8,2,60,15
41,0.1303,6,6,1,60,15
41,0.1878,4,4,0,60,15
41,0.1749,5,5,0,60,15
41,0.1165,3,3,1,60,15
41,0.0986,8,8,2,60,15
23,0.1048,6,6,1,60,15
23,0.1561,4,4,0,60,15
23,0.1512,5,5,0,60,15
23,0.1005,3,3,1,60,15
23,0.1504,8,8,3,60,15
17,0.1504,6,6,1,60,15
17,0.189,4,4,0,60,15
17,0.1635,5,5,0,60,15
17,0.1305,3,3,2,60,15
17,0.0666,8,8,3,60,15
14,0.1422,6,6,1,60,15
14,0.1737,4,4,0,60,15
14,0.1477,5,5,0,60,15
14,0.124,3,3,2,60,15
14,0.0924,8,8,4,60,15
12,0.0322,6,6,1,60,15
12,0.0527,4,4,0,60,15
12,0.0571,5,5,0,60,15
12,0.0519,3,3,2,60,15
12,0.1882,8,8,5,60,15
41,0.0776,6,0,0,60,0
41,0.1353,4,0,0,60,0
41,0.12,5,0,0,60,0
41,0.0612,3,0,0,60,0
41,0.0971,8,0,0,60,0
80,0.0421,6,0,0,60,0
80,0.0392,4,0,0,60,0
80,0.0504,5,0,0,60,0
80,0.063,3,0,0,60,0
80,0.2018,8,1,0,60,0
22,0.0407,6,1,0,60,0
22,0.0263,4,0,0,60,0
22,0.0374,5,0,0,60,0
22,0.0612,3,0,0,60,0
22,0.2008,8,1,0,60,0
13,0.0525,6,1,0,60,0
13,0.0415,4,0,0,60,0
13,0.0572,5,1,0,60,0
13,0.0734,3,0,0,60,0
13,0.2119,8,1,0,60,0
34,0.0818,6,2,0,60,0
34,0.0258,4,0,0,60,0
34,0.0405,5,1,0,60,0
34,0.0975,3,0,0,60,0
34,0.2298,8,1,0,60,0
14,0.0323,6,2,0,60,0
14,0.0623,4,1,0,60,0
14,0.0646,5,1,0,60,0
14,0.0496,3,0,0,60,0
14,0.1825,8,1,0,60,0
47,0.0772,6,3,0,60,0
47,0.1055,4,1,0,60,0
47,0.1122,5,1,0,60,0
47,0.0886,3,0,0,60,0
47,0.1998,8,1,0,60,0
55,0.0928,6,3,0,60,0
55,0.1501,4,1,0,60,0
55,0.1333,5,1,0,60,0
55,0.075,3,0,0,60,0
55,0.0811,8,2,0,60,0
46,0.1255,6,3,0,60,0
46,0.1751,4,1,0,60,0
46,0.1522,5,1,0,60,0
46,0.1045,3,0,0,60,0
46,0.0377,8,3,0,60,0
54,0.171,6,3,0,60,0
54,0.2278,4,1,0,60,0
54,0.2094,5,1,0,60,0
54,0.1524,3,0,0,60,0
54,0.0555,8,4,0,60,0
38,0.0988,6,3,0,60,0
38,0.1541,4,1,0,60,0
38,0.1348,5,1,0,60,0
38,0.079,3,0,0,60,0
38,0.0657,8,5,0,60,0
43,0.0199,6,3,0,60,0
43,0.0472,4,1,0,60,0
43,0.0293,5,1,0,60,0
43,0.0295,3,0,0,60,0
43,0.1648,8,6,0,60,0
32,0.0564,6,3,0,60,0
32,0.0544,4,1,0,60,0
32,0.0688,5,2,0,60,0
32,0.0766,3,0,0,60,0
32,0.2126,8,6,0,60,0
35,0.0248,6,3,0,60,0
35,0.0811,4,2,0,60,0
35,0.0654,5,2,0,60,0
35,0.007,3,0,0,60,0
35,0.1358,8,6,0,60,0
66,0.0562,6,3,0,60,0
66,0.0801,4,2,0,60,0
66,0.0543,5,2,0,60,0
66,0.0465,3,1,0,60,0
66,0.1405,8,6,0,60,0
20,0.1204,6,3,0,60,0
20,0.1781,4,2,0,60,0
20,0.1627,5,3,0,60,0
20,0.104,3,1,0,60,0
20,0.0789,8,6,0,60,0
30,0.0562,6,4,0,60,0
30,0.1019,4,2,0,60,0
30,0.0793,5,3,0,60,0
30,0.0363,3,1,0,60,0
30,0.1102,8,6,0,60,0
13,0.0579,6,4,0,60,0
13,0.1128,4,2,0,60,0
13,0.0941,5,3,0,60,0
13,0.0377,3,2,0,60,0
13,0.1029,8,6,0,60,0
28,0.1085,6,5,0,60,0
28,0.166,4,2,0,60,0
28,0.1497,5,3,0,60,0
28,0.0913,3,2,0,60,0
28,0.0764,8,6,0,60,0
77,0.0449,6,5,0,60,0
77,0.0682,4,2,0,60,0
77,0.043,5,3,0,60,0
77,0.0387,3,2,0,60,0
77,0.1483,8,7,0,60,0
10,0.1635,6,5,0,60,0
10,0.2193,4,2,0,60,0
10,0.1998,5,4,0,60,0
10,0.1441,3,2,0,60,0
10,0.0395,8,7,0,60,0
30,0.0684,6,5,0,60,0
30,0.0818,4,2,0,60,0
30,0.0931,5,4,0,60,0
30,0.0851,3,2,0,60,0
30,0.2116,8,8,0,60,15
13,0.0345,6,5,0,60,0
13,0.06,4,3,0,60,0
13,0.0361,5,4,0,60,0
13,0.032,3,2,0,60,0
13,0.1534,8,8,0,60,15
12,0.0797,6,5,0,60,0
12,0.127,4,3,0,60,0
12,0.1041,5,4,0,60,0
12,0.059,3,3,0,60,15
12,0.0855,8,8,0,60,15
5,0.0898,6,6,0,60,15
5,0.1235,4,3,0,60,0
5,0.1283,5,4,0,60,0
5,0.0979,3,3,0,60,15
5,0.1963,8,8,0,60,15
11,0.1029,6,6,0,60,15
11,0.136,4,4,0,60,15
11,0.1414,5,4,0,60,0
11,0.1104,3,3,0,60,15
11,0.2031,8,8,0,60,15
41,0.0256,6,6,0,60,15
41,0.0503,4,4,0,60,15
41,0.0291,5,5,0,60,15
41,0.0306,3,3,0,60,15
41,0.1617,8,8,0,60,15
57,0.062,6,6,1,60,15
57,0.0203,4,4,0,60,15
57,0.0168,5,5,0,60,15
57,0.0754,3,3,0,60,15
57,0.2056,8,8,0,60,15
5,0.0628,6,6,1,60,15
5,0.0327,4,4,0,60,15
5,0.0168,5,5,1,60,15
5,0.0728,3,3,0,60,15
5,0.1975,8,8,0,60,15
16,0.0419,6,6,1,60,15
16,0.0943,4,4,0,60,15
16,0.0748,5,5,2,60,15
16,0.0209,3,3,0,60,15
16,0.1189,8,8,0,60,15
12,0.071,6,6,1,60,15
12,0.0774,4,4,0,60,15
12,0.0518,5,5,2,60,15
12,0.0663,3,3,1,60,15
12,0.1585,8,8,0,60,15
20,0.09,6,6,1,60,15
20,0.0867,4,4,0,60,15
20,0.0632,5,5,3,60,15
20,0.0865,3,3,1,60,15
20,0.171,8,8,0,60,15
18,0.0975,6,6,1,60,15
18,0.1384,4,4,0,60,15
18,0.1399,5,5,4,60,15
18,0.1013,3,3,1,60,15
18,0.1837,8,8,0,60,15
8,0.0191,6,6,2,60,15
8,0.0393,4,4,0,60,15
8,0.0285,5,5,4,60,15
8,0.0363,3,3,1,60,15
8,0.1748,8,8,0,60,15
42,0.0592,6,6,3,60,15
42,0.1168,4,4,0,60,15
42,0.1016,5,5,4,60,15
42,0.0429,3,3,1,60,15
42,0.1095,8,8,0,60,15
19,0.1059,6,6,3,60,15
19,0.1633,4,4,0,60,15
19,0.147,5,5,4,60,15
19,0.0886,3,3,2,60,15
19,0.0772,8,8,0,60,15
81,0.0933,6,6,3,60,15
81,0.1373,4,4,0,60,15
81,0.1132,5,5,4,60,15
81,0.073,3,3,2,60,15
81,0.079,8,8,1,60,15
11,0.0788,6,6,3,60,15
11,0.0225,4,4,0,60,15
11,0.0381,5,5,4,60,15
11,0.0947,3,3,3,60,45
11,0.2275,8,8,1,60,15
38,0.141,6,6,3,60,15
38,0.1966,4,4,1,60,15
38,0.1771,5,5,4,60,15
38,0.1215,3,3,3,60,45
38,0.0384,8,8,1,60,15
49,0.1692,6,6,3,60,15
49,0.1994,4,4,1,60,15
49,0.1733,5,5,4,60,15
49,0.151,3,3,3,60,45
49,0.1001,8,8,2,60,15
11,0.0508,6,0,0,60,0
11,0.0563,4,0,0,60,0
11,0.068,5,0,0,60,0
11,0.0705,3,0,0,60,0
11,0.2057,8,0,0,60,0
25,0.0658,6,1,0,60,0
25,0.0136,4,0,0,60,0
25,0.0396,5,0,0,60,0
25,0.0849,3,0,0,60,0
25,0.223,8,0,0,60,0
37,0.0358,6,1,0,60,0
37,0.0786,4,0,0,60,0
37,0.0772,5,1,0,60,0
37,0.0463,3,0,0,60,0
37,0.1699,8,0,0,60,0
31,0.075,6,1,0,60,0
31,0.1284,4,0,0,60,0
31,0.1216,5,1,0,60,0
31,0.07,3,0,0,60,0
31,0.1404,8,1,0,60,0
5,0.111,6,1,0,60,0
5,0.1656,4,0,0,60,0
5,0.1576,5,1,0,60,0
5,0.1028,3,0,0,60,0
5,0.1324,8,2,0,60,0
41,0.1513,6,1,0,60,0
41,0.1982,4,0,0,60,0
41,0.1742,5,1,0,60,0
41,0.1304,3,0,0,60,0
41,0.0299,8,3,0,60,0
57,0.0225,6,1,0,60,0
57,0.0803,4,0,0,60,0
57,0.0676,5,1,0,60,0
57,0.0146,3,0,0,60,0
57,0.1418,8,4,0,60,0
50,0.0707,6,2,0,60,0
50,0.0238,4,0,0,60,0
50,0.0255,5,1,0,60,0
50,0.0842,3,0,0,60,0
50,0.2134,8,4,0,60,0
5,0.0246,6,2,0,60,0
5,0.078,4,1,0,60,0
5,0.0707,5,1,0,60,0
5,0.0292,3,0,0,60,0
5,0.1546,8,4,0,60,0
22,0.0296,6,3,0,60,0
22,0.0714,4,1,0,60,0
22,0.05,5,1,0,60,0
22,0.018,3,0,0,60,0
22,0.1405,8,4,0,60,0
27,0.0269,6,3,0,60,0
27,0.0551,4,1,0,60,0
27,0.0333,5,2,0,60,0
27,0.0282,3,0,0,60,0
27,0.157,8,4,0,60,0
67,0.0391,6,4,0,60,0
67,0.0265,4,1,0,60,0
67,0.008,5,2,0,60,0
67,0.0525,3,0,0,60,0
67,0.186,8,4,0,60,0
40,0.0426,6,4,0,60,0
40,0.0451,4,1,0,60,0
40,0.0192,5,3,0,60,0
40,0.0478,3,0,0,60,0
40,0.1716,8,4,0,60,0
37,0.0791,6,4,0,60,0
37,0.1229,4,2,0,60,0
37,0.1225,5,3,0,60,0
37,0.0822,3,0,0,60,0
37,0.1715,8,4,0,60,0
8,0.0699,6,4,0,60,0
8,0.1225,4,2,0,60,0
8,0.1164,5,3,0,60,0
8,0.0663,3,1,0,60,0
8,0.1445,8,4,0,60,0
58,0.0709,6,4,0,60,0
58,0.0429,4,2,0,60,0
58,0.0266,5,3,0,60,0
58,0.0788,3,1,0,60,0
58,0.1978,8,5,0,60,0
30,0.1484,6,4,0,60,0
30,0.206,4,2,0,60,0
30,0.1928,5,4,0,60,0
30,0.1342,3,1,0,60,0
30,0.0991,8,5,0,60,0
48,0.0764,6,4,0,60,0
48,0.1238,4,2,0,60,0
48,0.1213,5,4,0,60,0
48,0.0772,3,1,0,60,0
48,0.1616,8,6,0,60,0
11,0.022,6,5,0,60,0
11,0.0598,4,2,0,60,0
11,0.0582,5,4,0,60,0
11,0.0395,3,1,0,60,0
11,0.1745,8,6,0,60,0
5,0.0472,6,5,0,60,0
5,0.0522,4,2,0,60,0
5,0.0261,5,4,0,60,0
5,0.0492,3,2,0,60,0
5,0.1673,8,6,0,60,0
54,0.0058,6,5,0,60,0
54,0.0559,4,3,0,60,0
54,0.0425,5,4,0,60,0
54,0.0201,3,2,0,60,0
54,0.1595,8,6,0,60,0
8,0.0902,6,6,0,60,15
8,0.0994,4,3,0,60,0
8,0.074,5,4,0,60,0
8,0.0819,3,2,0,60,0
8,0.1509,8,6,0,60,0
60,0.1458,6,6,0,60,15
60,0.2018,4,3,0,60,0
60,0.1826,5,5,0,60,15
60,0.1265,3,2,0,60,0
60,0.0412,8,6,0,60,0
33,0.0601,6,6,0,60,15
33,0.0966,4,3,0,60,0
33,0.0992,5,5,0,60,15
33,0.0696,3,2,0,60,0
33,0.1818,8,7,0,60,0
29,0.0162,6,6,0,60,15
29,0.0619,4,3,0,60,0
29,0.0572,5,5,0,60,15
29,0.0325,3,3,0,60,15
29,0.1677,8,7,0,60,0
37,0.1038,6,6,0,60,15
37,0.1594,4,4,0,60,15
37,0.1501,5,5,0,60,15
37,0.0943,3,3,0,60,15
37,0.1242,8,7,0,60,0
47,0.1092,6,6,0,60,15
47,0.1455,4,4,0,60,15
47,0.1495,5,5,0,60,15
47,0.1149,3,3,0,60,15
47,0.1992,8,8,0,60,15
37,0.0862,6,6,1,60,15
37,0.1326,4,4,0,60,15
37,0.1092,5,5,0,60,15
37,0.0655,3,3,0,60,15
37,0.0808,8,8,0,60,15
15,0.0752,6,6,1,60,15
15,0.1273,4,4,0,60,15
15,0.1216,5,5,0,60,15
15,0.0716,3,3,1,60,15
15,0.1457,8,8,0,60,15
31,0.0516,6,6,1,60,15
31,0.1022,4,4,0,60,15
31,0.0814,5,5,0,60,15
31,0.0307,3,3,2,60,15
31,0.1101,8,8,0,60,15
66,0.0801,6,6,1,60,15
66,0.1019,4,4,0,60,15
66,0.0758,5,5,0,60,15
66,0.0678,3,3,3,60,45
66,0.1317,8,8,0,60,15
26,0.0861,6,6,1,60,15
26,0.1407,4,4,0,60,15
26,0.1211,5,5,1,60,15
26,0.0659,3,3,3,60,45
26,0.0756,8,8,0,60,15
14,0.047,6,6,1,60,15
14,0.0855,4,4,0,60,15
14,0.0866,5,5,1,60,15
14,0.0574,3,3,3,60,45
14,0.1764,8,8,1,60,15
9,0.1396,6,6,2,60,15
9,0.1973,4,4,0,60,15
9,0.1832,5,5,1,60,15
9,0.1245,3,3,3,60,45
9,0.0896,8,8,1,60,15
26,0.0697,6,6,2,60,15
26,0.0928,4,4,0,60,15
26,0.0667,5,5,1,60,15
26,0.0581,3,3,3,60,45
26,0.1343,8,8,2,60,15
89,0.0988,6,6,2,60,15
89,0.1536,4,4,0,60,15
89,0.1338,5,5,2,60,15
89,0.0787,3,3,3,60,45
89,0.0641,8,8,2,60,15
49,0.0589,6,6,2,60,15
49,0.1167,4,4,0,60,15
49,0.1031,5,5,2,60,15
49,0.0448,3,3,3,60,45
49,0.1151,8,8,3,60,15
7,0.0758,6,6,3,60,15
7,0.0961,4,4,0,60,15
7,0.07,5,5,2,60,15
7,0.0646,3,3,3,60,45
7,0.136,8,8,3,60,15
41,0.011,6,6,3,60,15
41,0.0684,4,4,0,60,15
41,0.0574,5,5,3,60,15
41,0.0169,3,3,3,60,45
41,0.153,8,8,3,60,15
69,0.1033,6,6,4,60,15
69,0.1588,4,4,0,60,15
69,0.1396,5,5,3,60,15
69,0.0837,3,3,3,60,45
69,0.0624,8,8,3,60,15
26,0.1718,6,6,4,60,15
26,0.2074,4,4,0,60,15
26,0.1815,5,5,3,60,15
26,0.1524,3,3,3,60,45
26,0.0812,8,8,4,60,15
43,0.1507,6,6,4,60,15
43,0.2022,4,4,0,60,15
43,0.1799,5,5,3,60,15
43,0.1299,3,3,3,60,45
43,0.0097,8,8,5,60,15
21,0.0699,6,6,4,60,15
21,0.1276,4,4,0,60,15
21,0.1132,5,5,3,60,15
21,0.0545,3,3,3,60,45
21,0.1054,8,8,6,60,15
41,0.0753,6,6,5,60,15
41,0.1184,4,4,0,60,15
41,0.0945,5,5,3,60,15
41,0.0555,3,3,3,60,45
41,0.0961,8,8,6,60,15
54,0.0629,6,0,0,60,0
54,0.0843,4,0,0,60,0
54,0.0927,5,0,0,60,0
54,0.078,3,0,0,60,0
54,0.2014,8,0,0,60,0
18,0.0787,6,1,0,60,0
18,0.1156,4,0,0,60,0
18,0.1187,5,0,0,60,0
18,0.0861,3,0,0,60,0
18,0.1864,8,0,0,60,0
57,0.15,6,1,0,60,0
57,0.1975,4,0,0,60,0
57,0.1737,5,0,0,60,0
57,0.1291,3,0,0,60,0
57,0.0272,8,1,0,60,0
16,0.0951,6,1,0,60,0
16,0.1526,4,0,0,60,0
16,0.1401,5,0,0,60,0
16,0.082,3,0,0,60,0
16,0.1054,8,2,0,60,0
31,0.104,6,1,0,60,0
31,0.1156,4,0,0,60,0
31,0.1293,5,0,0,60,0
31,0.1191,3,0,0,60,0
31,0.2361,8,3,0,60,0
19,0.0759,6,2,0,60,0
19,0.1147,4,0,0,60,0
19,0.0899,5,0,0,60,0
19,0.0575,3,0,0,60,0
19,0.1033,8,3,0,60,0
36,0.0682,6,2,0,60,0
36,0.1258,4,0,0,60,0
36,0.1131,5,1,0,60,0
36,0.0552,3,0,0,60,0
36,0.1137,8,3,0,60,0
46,0.1538,6,2,0,60,0
46,0.2111,4,0,0,60,0
46,0.194,5,1,0,60,0
46,0.1361,3,0,0,60,0
46,0.0626,8,4,0,60,0
8,0.1158,6,2,0,60,0
8,0.1718,4,0,0,60,0
8,0.153,5,1,0,60,0
8,0.0965,3,0,0,60,0
8,0.0558,8,5,0,60,0
13,0.0732,6,2,0,60,0
13,0.0904,4,0,0,60,0
13,0.1009,5,1,0,60,0
13,0.0886,3,0,0,60,0
13,0.211,8,6,0,60,0
35,0.0735,6,3,0,60,0
35,0.0495,4,0,0,60,0
35,0.0314,5,1,0,60,0
35,0.0796,3,0,0,60,0
35,0.1945,8,6,0,60,0
8,0.0836,6,3,0,60,0
8,0.0939,4,0,0,60,0
8,0.0683,5,2,0,60,0
8,0.0756,3,0,0,60,0
8,0.1502,8,6,0,60,0
14,0.0537,6,3,0,60,0
14,0.0169,4,1,0,60,0
14,0.0376,5,2,0,60,0
14,0.0736,3,0,0,60,0
14,0.2129,8,6,0,60,0
17,0.0798,6,3,0,60,0
17,0.0977,4,2,0,60,0
17,0.1083,5,2,0,60,0
17,0.0945,3,0,0,60,0
17,0.2139,8,6,0,60,0
21,0.0297,6,4,0,60,0
21,0.0475,4,2,0,60,0
21,0.0514,5,2,0,60,0
21,0.0501,3,0,0,60,0
21,0.1879,8,6,0,60,0
11,0.0749,6,4,0,60,0
11,0.0996,4,2,0,60,0
11,0.0736,5,2,0,60,0
11,0.0619,3,1,0,60,0
11,0.1289,8,6,0,60,0
5,0.0968,6,4,0,60,0
5,0.1395,4,2,0,60,0
5,0.1151,5,3,0,60,0
5,0.0766,3,1,0,60,0
5,0.0788,8,6,0,60,0
44,0.1557,6,4,0,60,0
44,0.2127,4,2,0,60,0
44,0.1948,5,3,0,60,0
44,0.1374,3,2,0,60,0
44,0.0552,8,6,0,60,0
12,0.0909,6,4,0,60,0
12,0.098,4,2,0,60,0
12,0.1126,5,3,0,60,0
12,0.1077,3,2,0,60,0
12,0.2315,8,7,0,60,0
25,0.0495,6,5,0,60,0
25,0.1036,4,2,0,60,0
25,0.0961,5,3,0,60,0
25,0.0462,3,2,0,60,0
25,0.1435,8,7,0,60,0
19,0.1505,6,5,0,60,0
19,0.196,4,2,0,60,0
19,0.1716,5,4,0,60,0
19,0.1297,3,2,0,60,0
19,0.0369,8,7,0,60,0
23,0.1449,6,5,0,60,0
23,0.1843,4,2,0,60,0
23,0.1589,5,4,0,60,0
23,0.1249,3,2,0,60,0
23,0.064,8,8,0,60,15
32,0.1172,6,5,0,60,0
32,0.1709,4,2,0,60,0
32,0.1501,5,4,0,60,0
32,0.0968,3,3,0,60,15
32,0.0447,8,8,0,60,15
7,0.0858,6,6,0,60,15
7,0.1368,4,2,0,60,0
7,0.1151,5,4,0,60,0
7,0.0648,3,3,0,60,15
7,0.0752,8,8,0,60,15
64,0.1229,6,6,0,60,15
64,0.1404,4,3,0,60,0
64,0.1525,5,4,0,60,0
64,0.1356,3,3,0,60,15
64,0.2414,8,8,0,60,15
29,0.0978,6,6,0,60,15
29,0.1541,4,4,0,60,15
29,0.1358,5,4,0,60,0
29,0.0788,3,3,0,60,15
29,0.0702,8,8,0,60,15
43,0.1062,6,6,0,60,15
43,0.164,4,4,0,60,15
43,0.1496,5,5,0,60,15
43,0.0909,3,3,0,60,15
43,0.0902,8,8,0,60,15
14,0.1668,6,6,0,60,15
14,0.2061,4,4,0,60,15
14,0.1806,5,5,0,60,15
14,0.1468,3,3,0,60,15
14,0.0648,8,8,1,60,15
24,0.096,6,6,0,60,15
24,0.1383,4,4,0,60,15
24,0.1391,5,5,0,60,15
24,0.099,3,3,0,60,15
24,0.1795,8,8,2,60,15
19,0.1296,6,6,1,60,15
19,0.1605,4,4,0,60,15
19,0.1345,5,5,0,60,15
19,0.1118,3,3,0,60,15
19,0.0956,8,8,2,60,15
33,0.0598,6,6,1,60,15
33,0.115,4,4,0,60,15
33,0.1064,5,5,0,60,15
33,0.0534,3,3,0,60,15
33,0.1355,8,8,3,60,15
55,0.0797,6,6,1,60,15
55,0.0841,4,4,0,60,15
55,0.0589,5,5,0,60,15
55,0.0745,3,3,1,60,15
55,0.16,8,8,3,60,15
65,0.1036,6,6,1,60,15
65,0.1606,4,4,0,60,15
65,0.1492,5,5,1,60,15
65,0.0916,3,3,1,60,15
65,0.1105,8,8,3,60,15
14,0.1425,6,6,1,60,15
14,0.1848,4,4,0,60,15
14,0.1598,5,5,1,60,15
14,0.1221,3,3,2,60,15
14,0.0535,8,8,3,60,15
46,0.0074,6,6,1,60,15
46,0.0564,4,4,0,60,15
46,0.0488,5,5,1,60,15
46,0.0272,3,3,2,60,15
46,0.1657,8,8,4,60,15
25,0.1151,6,6,2,60,15
25,0.1406,4,4,0,60,15
25,0.1145,5,5,1,60,15
25,0.0993,3,3,2,60,15
25,0.113,8,8,4,60,15
47,0.0568,6,6,2,60,15
47,0.114,4,4,0,60,15
47,0.1027,5,5,1,60,15
47,0.0465,3,3,3,60,45
47,0.1255,8,8,4,60,15
20,0.009,6,6,3,60,15
20,0.0604,4,4,0,60,15
20,0.0454,5,5,1,60,15
20,0.015,3,3,3,60,45
20,0.1542,8,8,4,60,15
18,0.0802,6,6,4,60,15
18,0.1156,4,4,0,60,15
18,0.0903,5,5,1,60,15
18,0.0626,3,3,3,60,45
18,0.1063,8,8,4,60,15
26,0.0751,6,6,5,60,15
26,0.1277,4,4,0,60,15
26,0.107,5,5,1,60,15
26,0.0543,3,3,3,60,45
26,0.0853,8,8,4,60,15
54,0.0884,6,6,6,60,45
54,0.0583,4,4,0,60,15
54,0.0447,5,5,1,60,15
54,0.0947,3,3,3,60,45
54,0.2058,8,8,4,60,15
26,0.031,6,6,6,60,45
26,0.0389,4,4,0,60,15
26,0.0177,5,5,2,60,15
26,0.0411,3,3,3,60,45
26,0.1733,8,8,4,60,15
26,0.0067,6,6,6,60,45
26,0.0522,4,4,0,60,15
26,0.0399,5,5,3,60,15
26,0.024,3,3,3,60,45
26,0.1635,8,8,4,60,15
16,0.0439,6,6,6,60,45
16,0.0809,4,4,0,60,15
16,0.0572,5,5,4,60,15
16,0.0299,3,3,3,60,45
16,0.1324,8,8,4,60,15
34,0.1023,6,0,0,60,0
34,0.1199,4,0,0,60,0
34,0.1315,5,0,0,60,0
34,0.1158,3,0,0,60,0
34,0.2277,8,0,0,60,0
5,0.1075,6,1,0,60,0
5,0.1371,4,0,0,60,0
5,0.1111,5,0,0,60,0
5,0.0907,3,0,0,60,0
5,0.105,8,0,0,60,0
40,0.1335,6,1,0,60,0
40,0.1725,4,0,0,60,0
40,0.1471,5,0,0,60,0
40,0.1137,3,0,0,60,0
40,0.0686,8,1,0,60,0
17,0.095,6,1,0,60,0
17,0.1267,4,0,0,60,0
17,0.1325,5,0,0,60,0
17,0.1036,3,0,0,60,0
17,0.2022,8,2,0,60,0
55,0.1467,6,2,0,60,0
55,0.1984,4,0,0,60,0
55,0.1763,5,0,0,60,0
55,0.1259,3,0,0,60,0
55,0.0137,8,2,0,60,0
18,0.092,6,2,0,60,0
18,0.0926,4,0,0,60,0
18,0.0684,5,0,0,60,0
18,0.0869,3,0,0,60,0
18,0.1651,8,3,0,60,0
33,0.0874,6,2,0,60,0
33,0.1427,4,0,0,60,0
33,0.134,5,1,0,60,0
33,0.0792,3,0,0,60,0
33,0.1287,8,3,0,60,0
15,0.0721,6,2,0,60,0
15,0.128,4,0,0,60,0
15,0.1185,5,1,0,60,0
15,0.0635,3,0,0,60,0
15,0.1277,8,4,0,60,0
52,0.0991,6,3,0,60,0
52,0.1557,4,0,0,60,0
52,0.145,5,1,0,60,0
52,0.088,3,0,0,60,0
52,0.1157,8,4,0,60,0
15,0.0873,6,3,0,60,0
15,0.1362,4,0,0,60,0
15,0.1329,5,1,0,60,0
15,0.086,3,0,0,60,0
15,0.1578,8,5,0,60,0
30,0.1213,6,3,0,60,0
30,0.1509,4,0,0,60,0
30,0.1248,5,2,0,60,0
30,0.1042,3,0,0,60,0
30,0.1012,8,5,0,60,0
5,0.0975,6,3,0,60,0
5,0.0502,4,1,0,60,0
5,0.051,5,2,0,60,0
5,0.109,3,0,0,60,0
5,0.2308,8,5,0,60,0
9,0.1014,6,3,0,60,0
9,0.1173,4,2,0,60,0
9,0.0915,5,2,0,60,0
9,0.0897,3,0,0,60,0
9,0.1371,8,5,0,60,0
9,0.1725,6,3,0,60,0
9,0.2062,4,2,0,60,0
9,0.1802,5,2,0,60,0
9,0.1534,3,1,0,60,0
9,0.0881,8,5,0,60,0
35,0.1173,6,3,0,60,0
35,0.166,4,2,0,60,0
35,0.1429,5,2,0,60,0
35,0.0964,3,1,0,60,0
35,0.0474,8,6,0,60,0
9,0.0919,6,3,0,60,0
9,0.141,4,2,0,60,0
9,0.1184,5,2,0,60,0
9,0.071,3,1,0,60,0
9,0.0711,8,7,0,60,0
15,0.0731,6,4,0,60,0
15,0.1169,4,2,0,60,0
15,0.1164,5,2,0,60,0
15,0.0768,3,1,0,60,0
15,0.1705,8,7,0,60,0
14,0.101,6,4,0,60,0
14,0.1454,4,2,0,60,0
14,0.145,5,3,0,60,0
14,0.1024,3,1,0,60,0
14,0.1752,8,7,0,60,0
8,0.1026,6,5,0,60,0
8,0.1568,4,2,0,60,0
8,0.1365,5,3,0,60,0
8,0.0823,3,1,0,60,0
8,0.0593,8,7,0,60,0
40,0.0923,6,5,0,60,0
40,0.134,4,2,0,60,0
40,0.1095,5,3,0,60,0
40,0.0725,3,2,0,60,0
40,0.0846,8,7,0,60,0
9,0.1379,6,5,0,60,0
9,0.1951,4,2,0,60,0
9,0.1832,5,4,0,60,0
9,0.1251,3,2,0,60,0
9,0.1077,8,7,0,60,0
36,0.06,6,5,0,60,0
36,0.1177,4,2,0,60,0
36,0.1045,5,4,0,60,0
36,0.0464,3,2,0,60,0
36,0.116,8,8,0,60,15
32,0.1424,6,5,0,60,0
32,0.1979,4,2,0,60,0
32,0.1783,5,4,0,60,0
32,0.1228,3,3,0,60,15
32,0.0367,8,8,0,60,15
44,0.1003,6,6,0,60,15
44,0.1138,4,2,0,60,0
44,0.0881,5,4,0,60,0
44,0.0895,3,3,0,60,15
44,0.1419,8,8,0,60,15
15,0.1626,6,6,0,60,15
15,0.2202,4,3,0,60,0
15,0.2041,5,4,0,60,0
15,0.1457,3,3,0,60,15
15,0.0754,8,8,0,60,15
16,0.1233,6,6,0,60,15
16,0.1709,4,3,0,60,0
16,0.1473,5,5,0,60,15
16,0.1024,3,3,0,60,15
16,0.0448,8,8,0,60,15
9,0.1688,6,6,0,60,15
9,0.2265,4,4,0,60,15
9,0.2124,5,5,0,60,15
9,0.1537,3,3,0,60,15
9,0.0969,8,8,0,60,15
8,0.1054,6,6,0,60,15
8,0.1622,4,4,0,60,15
8,0.1512,5,5,0,60,15
8,0.0938,3,3,0,60,15
8,0.1128,8,8,1,60,15
56,0.0642,6,6,0,60,15
56,0.044,4,4,0,60,15
56,0.0638,5,5,0,60,15
56,0.0852,3,3,1,60,15
56,0.2238,8,8,1,60,15
19,0.1186,6,6,0,60,15
19,0.1561,4,4,1,60,15
19,0.1306,5,5,0,60,15
19,0.0994,3,3,1,60,15
19,0.0791,8,8,1,60,15
26,0.0773,6,6,0,60,15
26,0.087,4,4,1,60,15
26,0.1001,5,5,0,60,15
26,0.0942,3,3,1,60,15
26,0.2201,8,8,2,60,15
9,0.0668,6,6,1,60,15
9,0.1059,4,4,1,60,15
9,0.1076,5,5,0,60,15
9,0.0741,3,3,1,60,15
9,0.1791,8,8,2,60,15
13,0.0556,6,6,2,60,15
13,0.1034,4,4,1,60,15
13,0.1003,5,5,0,60,15
13,0.0583,3,3,1,60,15
13,0.16,8,8,2,60,15
33,0.0796,6,6,3,60,15
33,0.1371,4,4,1,60,15
33,0.1246,5,5,0,60,15
33,0.0666,3,3,1,60,15
33,0.1101,8,8,2,60,15
50,0.1022,6,6,3,60,15
50,0.1289,4,4,1,60,15
50,0.137,5,5,0,60,15
50,0.1126,3,3,2,60,15
50,0.2144,8,8,2,60,15
52,0.1339,6,6,4,60,15
52,0.1854,4,4,1,60,15
52,0.1633,5,5,0,60,15
52,0.1131,3,3,2,60,15
52,0.0265,8,8,2,60,15
30,0.1465,6,6,4,60,15
30,0.204,4,4,1,60,15
30,0.1872,5,5,0,60,15
30,0.129,3,3,2,60,15
30,0.0653,8,8,3,60,15
54,0.1293,6,6,4,60,15
54,0.187,4,4,1,60,15
54,0.1724,5,5,0,60,15
54,0.1137,3,3,2,60,15
54,0.0845,8,8,4,60,15
5,0.0238,6,6,4,60,15
5,0.0746,4,4,1,60,15
5,0.0687,5,5,0,60,15
5,0.032,3,3,2,60,15
5,0.1596,8,8,5,60,15
71,0.1085,6,6,5,60,15
71,0.1529,4,4,1,60,15
71,0.1526,5,5,0,60,15
71,0.1095,3,3,2,60,15
71,0.1774,8,8,5,60,15
51,0.0988,6,6,6,60,45
51,0.146,4,4,1,60,15
51,0.1439,5,5,0,60,15
51,0.0983,3,3,2,60,15
51,0.1658,8,8,5,60,15
44,0.1502,6,0,0,60,0
44,0.2069,4,0,0,60,0
44,0.1887,5,0,0,60,0
44,0.1316,3,0,0,60,0
44,0.0514,8,0,0,60,0
47,0.0957,6,0,0,60,0
47,0.1266,4,0,0,60,0
47,0.1007,5,0,0,60,0
47,0.0789,3,0,0,60,0
47,0.1067,8,1,0,60,0
38,0.0618,6,0,0,60,0
38,0.0751,4,0,0,60,0
38,0.0859,5,0,0,60,0
38,0.0791,3,0,0,60,0
38,0.2078,8,2,0,60,0
27,0.0857,6,1,0,60,0
27,0.1369,4,0,0,60,0
27,0.1153,5,0,0,60,0
27,0.0648,3,0,0,60,0
27,0.0751,8,2,0,60,0
46,0.069,6,1,0,60,0
46,0.0208,4,0,0,60,0
46,0.0466,5,0,0,60,0
46,0.0888,3,0,0,60,0
46,0.2277,8,3,0,60,0
24,0.0905,6,1,0,60,0
24,0.1301,4,0,0,60,0
24,0.1322,5,1,0,60,0
24,0.0954,3,0,0,60,0
24,0.1842,8,3,0,60,0
17,0.0777,6,2,0,60,0
17,0.1351,4,0,0,60,0
17,0.119,5,1,0,60,0
17,0.0604,3,0,0,60,0
17,0.0936,8,3,0,60,0
16,0.136,6,2,0,60,0
16,0.1921,4,0,0,60,0
16,0.1821,5,1,0,60,0
16,0.1251,3,0,0,60,0
16,0.122,8,4,0,60,0
42,0.0922,6,2,0,60,0
42,0.0511,4,0,0,60,0
42,0.0457,5,1,0,60,0
42,0.1017,3,0,0,60,0
42,0.22,8,5,0,60,0
69,0.127,6,2,0,60,0
69,0.1839,4,0,0,60,0
69,0.1725,5,2,0,60,0
69,0.1146,3,0,0,60,0
69,0.1096,8,5,0,60,0
31,0.0625,6,3,0,60,0
31,0.0281,4,0,0,60,0
31,0.0506,5,2,0,60,0
31,0.0831,3,0,0,60,0
31,0.2227,8,5,0,60,0
25,0.0503,6,3,0,60,0
25,0.0752,4,1,0,60,0
25,0.0814,5,2,0,60,0
25,0.0659,3,0,0,60,0
25,0.1927,8,5,0,60,0
49,0.162,6,4,0,60,0
49,0.2139,4,1,0,60,0
49,0.1917,5,2,0,60,0
49,0.1413,3,0,0,60,0
49,0.0037,8,5,0,60,0
25,0.059,6,4,0,60,0
25,0.109,4,1,0,60,0
25,0.0876,5,2,0,60,0
25,0.0381,3,0,0,60,0
25,0.103,8,6,0,60,0
25,0.0716,6,4,0,60,0
25,0.1047,4,1,0,60,0
25,0.0793,5,2,0,60,0
25,0.0555,3,1,0,60,0
25,0.1165,8,6,0,60,0
20,0.0958,6,4,0,60,0
20,0.1256,4,1,0,60,0
20,0.1323,5,3,0,60,0
20,0.1052,3,1,0,60,0
20,0.2059,8,6,0,60,0
6,0.0979,6,4,0,60,0
6,0.117,4,2,0,60,0
6,0.091,5,3,0,60,0
6,0.0852,3,1,0,60,0
6,0.1312,8,6,0,60,0
64,0.0475,6,4,0,60,0
64,0.0299,4,2,0,60,0
64,0.0041,5,3,0,60,0
64,0.0583,3,2,0,60,0
64,0.1872,8,6,0,60,0
49,0.0805,6,4,0,60,0
49,0.1346,4,2,0,60,0
49,0.1147,5,4,0,60,0
49,0.0601,3,2,0,60,0
49,0.0803,8,6,0,60,0
8,0.0385,6,4,0,60,0
8,0.0863,4,2,0,60,0
8,0.0827,5,4,0,60,0
8,0.0446,3,2,0,60,0
8,0.1618,8,7,0,60,0
25,0.1523,6,5,0,60,0
25,0.2078,4,2,0,60,0
25,0.1881,5,4,0,60,0
25,0.1327,3,2,0,60,0
25,0.0348,8,7,0,60,0
34,0.1003,6,5,0,60,0
34,0.1429,4,2,0,60,0
34,0.1435,5,4,0,60,0
34,0.1029,3,2,0,60,0
34,0.1801,8,8,0,60,15
24,0.1212,6,5,0,60,0
24,0.1514,4,3,0,60,0
24,0.1254,5,4,0,60,0
24,0.1038,3,2,0,60,0
24,0.0994,8,8,0,60,15
13,0.0458,6,5,0,60,0
13,0.0211,4,3,0,60,0
13,0.036,5,4,0,60,0
13,0.066,3,3,0,60,15
13,0.2054,8,8,0,60,15
38,0.0744,6,5,0,60,0
38,0.1204,4,4,0,60,15
38,0.0973,5,4,0,60,0
38,0.0539,3,3,0,60,15
38,0.0924,8,8,0,60,15
59,0.0698,6,6,0,60,15
59,0.1264,4,4,0,60,15
59,0.116,5,4,0,60,0
59,0.06,3,3,0,60,15
59,0.1237,8,8,0,60,15
19,0.1574,6,6,0,60,15
19,0.2058,4,4,0,60,15
19,0.1822,5,5,0,60,15
19,0.1364,3,3,0,60,15
19,0.0201,8,8,0,60,15
5,0.025,6,6,0,60,15
5,0.0792,4,4,0,60,15
5,0.0621,5,5,0,60,15
5,0.0041,3,3,0,60,15
5,0.1355,8,8,1,60,15
45,0.091,6,6,0,60,15
45,0.1457,4,4,0,60,15
45,0.1376,5,5,0,60,15
45,0.0833,3,3,1,60,15
45,0.1316,8,8,1,60,15
13,0.0424,6,6,0,60,15
13,0.0488,4,4,0,60,15
13,0.0586,5,5,0,60,15
13,0.0628,3,3,2,60,15
13,0.1998,8,8,1,60,15
15,0.0903,6,6,1,60,15
15,0.1413,4,4,0,60,15
15,0.1195,5,5,0,60,15
15,0.0694,3,3,2,60,15
15,0.0707,8,8,1,60,15
42,0.0396,6,6,1,60,15
42,0.0265,4,4,0,60,15
42,0.0074,5,5,0,60,15
42,0.0528,3,3,3,60,45
42,0.1861,8,8,1,60,15
68,0.1562,6,6,1,60,15
68,0.1893,4,4,0,60,15
68,0.1633,5,5,1,60,15
68,0.1375,3,3,3,60,45
68,0.0876,8,8,1,60,15
11,0.1289,6,6,1,60,15
11,0.1766,4,4,0,60,15
11,0.1531,5,5,1,60,15
11,0.108,3,3,3,60,45
11,0.0398,8,8,2,60,15
41,0.0407,6,6,1,60,15
41,0.0747,4,4,0,60,15
41,0.077,5,5,1,60,15
41,0.0546,3,3,3,60,45
41,0.1809,8,8,3,60,15
32,0.0638,6,6,2,60,15
32,0.085,4,4,0,60,15
32,0.0935,5,5,1,60,15
32,0.0788,3,3,3,60,45
32,0.2021,8,8,3,60,15
9,0.1589,6,6,3,60,15
9,0.2131,4,4,0,60,15
9,0.1923,5,5,1,60,15
9,0.1388,3,3,3,60,45
9,0.0214,8,8,3,60,15
10,0.0859,6,6,3,60,15
10,0.1429,4,4,0,60,15
10,0.1316,5,5,1,60,15
10,0.0743,3,3,3,60,45
10,0.114,8,8,4,60,15
12,0.0839,6,6,4,60,15
12,0.1193,4,4,0,60,15
12,0.1232,5,5,1,60,15
12,0.0915,3,3,3,60,45
12,0.1908,8,8,4,60,15
22,0.124,6,6,5,60,15
22,0.174,4,4,0,60,15
22,0.1513,5,5,1,60,15
22,0.1031,3,3,3,60,45
22,0.0383,8,8,4,60,15
12,0.096,6,6,5,60,15
12,0.1521,4,4,0,60,15
12,0.1337,5,5,1,60,15
12,0.0768,3,3,3,60,45
12,0.0712,8,8,5,60,15
55,0.0159,6,6,5,60,15
55,0.0704,4,4,0,60,15
55,0.0546,5,5,1,60,15
55,0.0052,3,3,3,60,45
55,0.1448,8,8,6,60,15
8,0.1142,6,6,6,60,45
8,0.1451,4,4,0,60,15
8,0.119,5,5,1,60,15
8,0.0969,3,3,3,60,45
8,0.0996,8,8,6,60,15
9,0.0568,6,6,6,60,45
9,0.013,4,4,0,60,15
9,0.0361,5,5,1,60,15
9,0.0763,3,3,3,60,45
9,0.2151,8,8,7,60,15
35,0.0513,6,0,0,60,0
35,0.0577,4,0,0,60,0
35,0.0316,5,0,0,60,0
35,0.0513,3,0,0,60,0
35,0.1642,8,0,0,60,0
21,0.1275,6,1,0,60,0
21,0.1846,4,0,0,60,0
21,0.1672,5,0,0,60,0
21,0.1094,3,0,0,60,0
21,0.0615,8,0,0,60,0
9,0.068,6,1,0,60,0
9,0.1111,4,0,0,60,0
9,0.0874,5,0,0,60,0
9,0.0484,3,0,0,60,0
9,0.1027,8,1,0,60,0
22,0.0318,6,1,0,60,0
22,0.03,4,0,0,60,0
22,0.0154,5,0,0,60,0
22,0.0464,3,0,0,60,0
22,0.1819,8,2,0,60,0
6,0.183,6,1,0,60,0
6,0.2406,4,0,0,60,0
6,0.2243,5,1,0,60,0
6,0.166,3,0,0,60,0
6,0.0823,8,2,0,60,0
21,0.0659,6,1,0,60,0
21,0.1229,4,0,0,60,0
21,0.1062,5,1,0,60,0
21,0.0478,3,0,0,60,0
21,0.0999,8,3,0,60,0
20,0.107,6,2,0,60,0
20,0.1289,4,0,0,60,0
20,0.139,5,1,0,60,0
20,0.1188,3,0,0,60,0
20,0.2246,8,3,0,60,0
14,0.1009,6,3,0,60,0
14,0.1253,4,0,0,60,0
14,0.0992,5,1,0,60,0
14,0.0862,3,0,0,60,0
14,0.1192,8,3,0,60,0
7,0.0956,6,3,0,60,0
7,0.1235,4,0,0,60,0
7,0.0975,5,1,0,60,0
7,0.0799,3,0,0,60,0
7,0.1134,8,4,0,60,0
13,0.0347,6,3,0,60,0
13,0.0231,4,0,0,60,0
13,0.0205,5,2,0,60,0
13,0.0524,3,0,0,60,0
13,0.1903,8,4,0,60,0
68,0.1631,6,3,0,60,0
68,0.2193,4,1,0,60,0
68,0.2001,5,2,0,60,0
68,0.144,3,0,0,60,0
68,0.0434,8,4,0,60,0
69,0.1341,6,3,0,60,0
69,0.1911,4,1,0,60,0
69,0.1734,5,2,0,60,0
69,0.1158,3,0,0,60,0
69,0.0576,8,5,0,60,0
43,0.0593,6,3,0,60,0
43,0.0422,4,1,0,60,0
43,0.0193,5,2,0,60,0
43,0.0661,3,0,0,60,0
43,0.1862,8,6,0,60,0
45,0.1833,6,3,0,60,0
45,0.241,4,1,0,60,0
45,0.2256,5,3,0,60,0
45,0.167,3,0,0,60,0
45,0.0914,8,6,0,60,0
32,0.0859,6,3,0,60,0
32,0.1062,4,1,0,60,0
32,0.1162,5,3,0,60,0
32,0.0995,3,0,0,60,0
32,0.2146,8,7,0,60,0
23,0.165,6,4,0,60,0
23,0.2209,4,1,0,60,0
23,0.2014,5,3,0,60,0
23,0.1457,3,0,0,60,0
23,0.0405,8,7,0,60,0
21,0.0629,6,4,0,60,0
21,0.034,4,1,0,60,0
21,0.0173,5,3,0,60,0
21,0.0726,3,0,0,60,0
21,0.1966,8,8,0,60,15
24,0.0935,6,4,0,60,0
24,0.1354,4,2,0,60,0
24,0.1363,5,3,0,60,0
24,0.0968,3,0,0,60,0
24,0.1797,8,8,0,60,15
14,0.0557,6,4,0,60,0
14,0.109,4,2,0,60,0
14,0.0893,5,3,0,60,0
14,0.0349,3,1,0,60,0
14,0.1047,8,8,0,60,15
5,0.0619,6,4,0,60,0
5,0.1079,4,2,0,60,0
5,0.0851,5,3,0,60,0
5,0.0417,3,2,0,60,0
5,0.1044,8,8,0,60,15
16,0.1141,6,5,0,60,0
16,0.1553,4,2,0,60,0
16,0.1304,5,3,0,60,0
16,0.0941,3,2,0,60,0
16,0.0704,8,8,0,60,15
6,0.0134,6,5,0,60,0
6,0.0594,4,2,0,60,0
6,0.0425,5,4,0,60,0
6,0.0164,3,2,0,60,0
6,0.1538,8,8,0,60,15
50,0.1571,6,5,0,60,0
50,0.2146,4,3,0,60,0
50,0.2016,5,4,0,60,0
50,0.143,3,2,0,60,0
50,0.1025,8,8,0,60,15
16,0.0955,6,5,0,60,0
16,0.1432,4,3,0,60,0
16,0.1201,5,4,0,60,0
16,0.0746,3,3,0,60,15
16,0.0697,8,8,0,60,15
36,0.0616,6,6,0,60,15
36,0.0759,4,3,0,60,0
36,0.0498,5,4,0,60,0
36,0.0552,3,3,0,60,15
36,0.1506,8,8,0,60,15
68,0.1339,6,6,0,60,15
68,0.1723,4,3,0,60,0
68,0.1468,5,5,0,60,15
68,0.1143,3,3,0,60,15
68,0.0705,8,8,0,60,15
38,0.0925,6,6,0,60,15
38,0.1373,4,4,0,60,15
38,0.1366,5,5,0,60,15
38,0.094,3,3,0,60,15
38,0.1715,8,8,0,60,15
5,0.0578,6,6,1,60,15
5,0.0446,4,4,0,60,15
5,0.0206,5,5,0,60,15
5,0.0636,3,3,0,60,15
5,0.1825,8,8,0,60,15
82,0.0674,6,6,1,60,15
82,0.0587,4,4,0,60,15
82,0.0762,5,5,1,60,15
82,0.0877,3,3,0,60,15
82,0.2237,8,8,0,60,15
35,0.1394,6,6,1,60,15
35,0.1915,4,4,1,60,15
35,0.1696,5,5,1,60,15
35,0.1186,3,3,0,60,15
35,0.0212,8,8,0,60,15
32,0.0387,6,6,1,60,15
32,0.0191,4,4,1,60,15
32,0.0197,5,5,1,60,15
32,0.0564,3,3,0,60,15
32,0.194,8,8,1,60,15
23,0.0875,6,6,1,60,15
23,0.1031,4,4,2,60,15
23,0.0772,5,5,1,60,15
23,0.077,3,3,0,60,15
23,0.1403,8,8,1,60,15
10,0.0558,6,6,1,60,15
10,0.1124,4,4,2,60,15
10,0.0955,5,5,1,60,15
10,0.0372,3,3,1,60,15
10,0.1075,8,8,1,60,15
51,0.0615,6,6,1,60,15
51,0.0349,4,4,2,60,15
51,0.0557,5,5,1,60,15
51,0.0824,3,3,2,60,15
51,0.2218,8,8,1,60,15
5,0.084,6,6,1,60,15
5,0.115,4,4,3,60,15
5,0.0892,5,5,1,60,15
5,0.0679,3,3,2,60,15
5,0.1127,8,8,1,60,15
34,0.0349,6,6,1,60,15
34,0.0373,4,4,3,60,15
34,0.0144,5,5,1,60,15
34,0.0447,3,3,3,60,45
34,0.1757,8,8,1,60,15
6,0.0944,6,6,1,60,15
6,0.1362,4,4,3,60,15
6,0.1116,5,5,2,60,15
6,0.0745,3,3,3,60,45
6,0.0829,8,8,1,60,15
27,0.0731,6,6,1,60,15
27,0.1042,4,4,3,60,15
27,0.0785,5,5,2,60,15
27,0.0577,3,3,3,60,45
27,0.119,8,8,2,60,15
21,0.1482,6,6,2,60,15
21,0.2044,4,4,3,60,15
21,0.1853,5,5,2,60,15
21,0.1291,3,3,3,60,45
21,0.0425,8,8,2,60,15
19,0.0699,6,0,0,60,0
19,0.0925,4,0,0,60,0
19,0.0664,5,0,0,60,0
19,0.0584,3,0,0,60,0
19,0.1349,8,0,0,60,0
13,0.1637,6,0,0,60,0
13,0.2209,4,0,0,60,0
13,0.2032,5,0,0,60,0
13,0.1456,3,0,0,60,0
13,0.0601,8,1,0,60,0
19,0.087,6,0,0,60,0
19,0.126,4,0,0,60,0
19,0.1283,5,0,0,60,0
19,0.0925,3,0,0,60,0
19,0.1846,8,2,0,60,0
28,0.104,6,1,0,60,0
28,0.1205,4,0,0,60,0
28,0.1325,5,0,0,60,0
28,0.1177,3,0,0,60,0
28,0.2301,8,2,0,60,0
37,0.0527,6,2,0,60,0
37,0.0922,4,0,0,60,0
37,0.0684,5,0,0,60,0
37,0.0357,3,0,0,60,0
37,0.1215,8,2,0,60,0
17,0.1405,6,2,0,60,0
17,0.1974,4,0,0,60,0
17,0.186,5,1,0,60,0
17,0.1281,3,0,0,60,0
17,0.1123,8,2,0,60,0
11,0.0664,6,2,0,60,0
11,0.0733,4,0,0,60,0
11,0.0475,5,1,0,60,0
11,0.0623,3,0,0,60,0
11,0.1589,8,3,0,60,0
39,0.04,6,2,0,60,0
39,0.0667,4,0,0,60,0
39,0.0421,5,2,0,60,0
39,0.0338,3,0,0,60,0
39,0.1478,8,3,0,60,0
11,0.0159,6,3,0,60,0
11,0.0531,4,0,0,60,0
11,0.0496,5,2,0,60,0
11,0.0359,3,0,0,60,0
11,0.1738,8,3,0,60,0
30,0.021,6,3,0,60,0
30,0.0661,4,1,0,60,0
30,0.0469,5,2,0,60,0
30,0.0136,3,0,0,60,0
30,0.1462,8,3,0,60,0
17,0.1559,6,3,0,60,0
17,0.2127,4,1,0,60,0
17,0.1946,5,2,0,60,0
17,0.1374,3,1,0,60,0
17,0.0525,8,3,0,60,0
21,0.145,6,3,0,60,0
21,0.2019,4,1,0,60,0
21,0.1839,5,2,0,60,0
21,0.1266,3,1,0,60,0
21,0.0536,8,4,0,60,0
15,0.1246,6,3,0,60,0
15,0.1824,4,1,0,60,0
15,0.1675,5,2,0,60,0
15,0.1088,3,1,0,60,0
15,0.0831,8,5,0,60,0
14,0.1066,6,3,0,60,0
14,0.1378,4,1,0,60,0
14,0.1441,5,2,0,60,0
14,0.1148,3,1,0,60,0
14,0.2087,8,6,0,60,0
13,0.0886,6,4,0,60,0
13,0.0952,4,1,0,60,0
13,0.1099,5,2,0,60,0
13,0.1056,3,1,0,60,0
13,0.2303,8,6,0,60,0
49,0.076,6,4,0,60,0
49,0.1337,4,2,0,60,0
49,0.1192,5,2,0,60,0
49,0.0605,3,1,0,60,0
49,0.1015,8,6,0,60,0
65,0.0256,6,4,0,60,0
65,0.0529,4,2,0,60,0
65,0.0316,5,2,0,60,0
65,0.0287,3,2,0,60,0
65,0.1591,8,6,0,60,0
34,0.0646,6,4,0,60,0
34,0.1159,4,2,0,60,0
34,0.1107,5,3,0,60,0
34,0.0629,3,2,0,60,0
34,0.1498,8,6,0,60,0
33,0.0768,6,5,0,60,0
33,0.1168,4,2,0,60,0
33,0.1184,5,3,0,60,0
33,0.0825,3,2,0,60,0
33,0.1795,8,6,0,60,0
35,0.0365,6,5,0,60,0
35,0.0262,4,3,0,60,0
35,0.0114,5,3,0,60,0
35,0.0509,3,2,0,60,0
35,0.1858,8,6,0,60,0
15,0.1207,6,5,0,60,0
15,0.1704,4,3,0,60,0
15,0.1476,5,4,0,60,0
15,0.0998,3,2,0,60,0
15,0.0421,8,6,0,60,0
33,0.0993,6,5,0,60,0
33,0.1537,4,3,0,60,0
33,0.1338,5,4,0,60,0
33,0.0791,3,2,0,60,0
33,0.063,8,7,0,60,0
5,0.0753,6,5,0,60,0
5,0.133,4,3,0,60,0
5,0.1178,5,4,0,60,0
5,0.0591,3,2,0,60,0
5,0.0993,8,8,0,60,15
22,0.1667,6,5,0,60,0
22,0.2243,4,3,0,60,0
22,0.2111,5,4,0,60,0
22,0.1525,3,3,0,60,15
22,0.1048,8,8,0,60,15
35,0.0711,6,6,0,60,15
35,0.1252,4,3,0,60,0
35,0.1056,5,4,0,60,0
35,0.0507,3,3,0,60,15
35,0.0895,8,8,0,60,15
12,0.1267,6,6,0,60,15
12,0.1831,4,3,0,60,0
12,0.1726,5,5,0,60,15
12,0.1154,3,3,0,60,15
12,0.117,8,8,0,60,15
52,0.0611,6,6,0,60,15
52,0.1157,4,4,0,60,15
52,0.1077,5,5,0,60,15
52,0.0556,3,3,0,60,15
52,0.1379,8,8,0,60,15
57,0.1618,6,6,0,60,15
57,0.2194,4,4,0,60,15
57,0.206,5,5,0,60,15
57,0.1473,3,3,1,60,15
57,0.1009,8,8,0,60,15
35,0.1601,6,6,0,60,15
35,0.1951,4,4,0,60,15
35,0.1692,5,5,0,60,15
35,0.1409,3,3,1,60,15
35,0.081,8,8,1,60,15
53,0.076,6,6,0,60,15
53,0.1333,4,4,0,60,15
53,0.117,5,5,0,60,15
53,0.0585,3,3,1,60,15
53,0.094,8,8,2,60,15
7,0.0515,6,6,0,60,15
7,0.0987,4,4,0,60,15
7,0.0958,5,5,0,60,15
7,0.0553,3,3,2,60,15
7,0.1616,8,8,2,60,15
40,0.0179,6,6,1,60,15
40,0.0696,4,4,0,60,15
40,0.0629,5,5,0,60,15
40,0.0283,3,3,2,60,15
40,0.1602,8,8,2,60,15
14,0.1167,6,6,2,60,15
14,0.1737,4,4,0,60,15
14,0.1622,5,5,0,60,15
14,0.1044,3,3,2,60,15
14,0.1091,8,8,2,60,15
27,0.163,6,6,2,60,15
27,0.2202,4,4,0,60,15
27,0.2026,5,5,0,60,15
27,0.145,3,3,3,60,45
27,0.0611,8,8,2,60,15
38,0.0997,6,6,2,60,15
38,0.1449,4,4,0,60,15
38,0.121,5,5,0,60,15
38,0.0791,3,3,3,60,45
38,0.0708,8,8,3,60,15
14,0.061,6,6,2,60,15
14,0.0483,4,4,0,60,15
14,0.0659,5,5,0,60,15
14,0.0817,3,3,3,60,45
14,0.2195,8,8,4,60,15
22,0.1504,6,6,2,60,15
22,0.2061,4,4,1,60,15
22,0.1865,5,5,0,60,15
22,0.1309,3,3,3,60,45
22,0.0365,8,8,4,60,15
28,0.0912,6,6,2,60,15
28,0.1215,4,4,1,60,15
28,0.0956,5,5,0,60,15
28,0.0749,3,3,3,60,45
28,0.1102,8,8,5,60,15
21,0.0412,6,6,3,60,15
21,0.0521,4,4,1,60,15
21,0.0606,5,5,0,60,15
21,0.0611,3,3,3,60,45
21,0.1973,8,8,5,60,15
6,0.1706,6,6,4,60,15
6,0.2012,4,4,1,60,15
6,0.1751,5,5,0,60,15
6,0.1523,3,3,3,60,45
6,0.0989,8,8,5,60,15
56,0.0724,6,6,4,60,15
56,0.1297,4,4,1,60,15
56,0.1178,5,5,0,60,15
56,0.0605,3,3,3,60,45
56,0.116,8,8,6,60,15
56,0.1302,6,6,5,60,15
56,0.1873,4,4,1,60,15
56,0.1754,5,5,0,60,15
56,0.1173,3,3,3,60,45
56,0.1061,8,8,6,60,15
34,0.0913,6,6,5,60,15
34,0.1416,4,4,1,60,15
34,0.1195,5,5,0,60,15
34,0.0703,3,3,3,60,45
34,0.0703,8,8,7,60,15
19,0.0185,6,6,5,60,15
19,0.0753,4,4,1,60,15
19,0.0651,5,5,0,60,15
19,0.02,3,3,3,60,45
19,0.1501,8,8,8,60,45
28,0.0461,6,0,0,60,0
28,0.0914,4,0,0,60,0
28,0.0692,5,0,0,60,0
28,0.0271,3,0,0,60,0
28,0.1206,8,0,0,60,0
22,0.1612,6,0,0,60,0
22,0.2129,4,0,0,60,0
22,0.1907,5,0,0,60,0
22,0.1404,3,0,0,60,0
22,0.0019,8,1,0,60,0
22,0.1334,6,0,0,60,0
22,0.1909,4,0,0,60,0
22,0.1779,5,0,0,60,0
22,0.1194,3,0,0,60,0
22,0.0982,8,2,0,60,0
25,0.1238,6,0,0,60,0
25,0.1775,4,0,0,60,0
25,0.1566,5,0,0,60,0
25,0.1034,3,0,0,60,0
25,0.0387,8,3,0,60,0
60,0.0797,6,0,0,60,0
60,0.1266,4,0,0,60,0
60,0.1245,5,0,0,60,0
60,0.0805,3,0,0,60,0
60,0.1631,8,4,0,60,0
25,0.0887,6,1,0,60,0
25,0.1462,4,0,0,60,0
25,0.1303,5,0,0,60,0
25,0.0717,3,0,0,60,0
25,0.0878,8,4,0,60,0
55,0.0746,6,2,0,60,0
55,0.126,4,0,0,60,0
55,0.1208,5,0,0,60,0
55,0.0718,3,0,0,60,0
55,0.1483,8,4,0,60,0
34,0.0946,6,2,0,60,0
34,0.1105,4,0,0,60,0
34,0.0846,5,1,0,60,0
34,0.0834,3,0,0,60,0
34,0.1382,8,4,0,60,0
30,0.0419,6,2,0,60,0
30,0.0161,4,0,0,60,0
30,0.0229,5,2,0,60,0
30,0.0602,3,0,0,60,0
30,0.1983,8,4,0,60,0
6,0.0976,6,2,0,60,0
6,0.1516,4,1,0,60,0
6,0.1313,5,2,0,60,0
6,0.0772,3,0,0,60,0
6,0.0638,8,4,0,60,0
8,0.1342,6,2,0,60,0
8,0.1918,4,1,0,60,0
8,0.1754,5,2,0,60,0
8,0.1171,3,0,0,60,0
8,0.0697,8,5,0,60,0
23,0.0544,6,2,0,60,0
23,0.1011,4,1,0,60,0
23,0.0986,5,2,0,60,0
23,0.0583,3,0,0,60,0
23,0.1628,8,6,0,60,0
5,0.0888,6,3,0,60,0
5,0.0957,4,1,0,60,0
5,0.1103,5,2,0,60,0
5,0.1058,3,0,0,60,0
5,0.2303,8,6,0,60,0
28,0.0712,6,4,0,60,0
28,0.0289,4,1,0,60,0
28,0.0248,5,2,0,60,0
28,0.0833,3,0,0,60,0
28,0.2101,8,6,0,60,0
33,0.0644,6,4,0,60,0
33,0.0418,4,1,0,60,0
33,0.0218,5,3,0,60,0
33,0.0718,3,0,0,60,0
33,0.1914,8,6,0,60,0
7,0.074,6,4,0,60,0
7,0.0169,4,2,0,60,0
7,0.0413,5,3,0,60,0
7,0.0921,3,0,0,60,0
7,0.2288,8,6,0,60,0
68,0.0748,6,4,0,60,0
68,0.0338,4,3,0,60,0
68,0.0282,5,3,0,60,0
68,0.0861,3,0,0,60,0
68,0.2108,8,6,0,60,0
13,0.0965,6,4,0,60,0
13,0.1514,4,3,0,60,0
13,0.1431,5,4,0,60,0
13,0.0884,3,0,0,60,0
13,0.13,8,6,0,60,0
5,0.1027,6,4,0,60,0
5,0.1594,4,3,0,60,0
5,0.1485,5,4,0,60,0
5,0.0913,3,1,0,60,0
5,0.1142,8,6,0,60,0
28,0.097,6,4,0,60,0
28,0.148,4,3,0,60,0
28,0.1261,5,4,0,60,0
28,0.0761,3,2,0,60,0
28,0.064,8,6,0,60,0
22,0.0824,6,4,0,60,0
22,0.1227,4,3,0,60,0
22,0.1243,5,4,0,60,0
22,0.0876,3,2,0,60,0
22,0.1805,8,7,0,60,0
5,0.1593,6,5,0,60,0
5,0.1946,4,3,0,60,0
5,0.1687,5,4,0,60,0
5,0.1401,3,2,0,60,0
5,0.0799,8,7,0,60,0
16,0.0432,6,5,0,60,0
16,0.0913,4,3,0,60,0
16,0.0702,5,4,0,60,0
16,0.0232,3,2,0,60,0
16,0.1206,8,8,0,60,15
53,0.0328,6,5,0,60,0
53,0.0367,4,3,0,60,0
53,0.0153,5,4,0,60,0
53,0.0435,3,3,0,60,15
53,0.1757,8,8,0,60,15
9,0.0957,6,5,0,60,0
9,0.1089,4,3,0,60,0
9,0.0832,5,5,0,60,15
9,0.0854,3,3,0,60,15
9,0.1431,8,8,0,60,15
5,0.1628,6,6,0,60,15
5,0.1961,4,3,0,60,0
5,0.1701,5,5,0,60,15
5,0.1439,3,3,0,60,15
5,0.0875,8,8,0,60,15
39,0.1004,6,6,0,60,15
39,0.1418,4,4,0,60,15
39,0.1171,5,5,0,60,15
39,0.0805,3,3,0,60,15
39,0.079,8,8,0,60,15
19,0.1648,6,6,0,60,15
19,0.2215,4,4,0,60,15
19,0.2032,5,5,0,60,15
19,0.1462,3,3,0,60,15
19,0.0533,8,8,1,60,15
21,0.1153,6,6,0,60,15
21,0.1662,4,4,0,60,15
21,0.144,5,5,0,60,15
21,0.0944,3,3,0,60,15
21,0.0457,8,8,2,60,15
55,0.0359,6,6,0,60,15
55,0.0903,4,4,0,60,15
55,0.0824,5,5,0,60,15
55,0.0348,3,3,0,60,15
55,0.1474,8,8,3,60,15
22,0.0523,6,6,0,60,15
22,0.0883,4,4,0,60,15
22,0.0639,5,5,0,60,15
22,0.0371,3,3,1,60,15
22,0.1266,8,8,3,60,15
24,0.1565,6,6,0,60,15
24,0.1898,4,4,0,60,15
24,0.1638,5,5,0,60,15
24,0.1377,3,3,2,60,15
24,0.0865,8,8,3,60,15
39,0.0582,6,6,0,60,15
39,0.0707,4,4,0,60,15
39,0.0815,5,5,0,60,15
39,0.076,3,3,2,60,15
39,0.2063,8,8,4,60,15
36,0.1376,6,6,1,60,15
36,0.1767,4,4,0,60,15
36,0.1513,5,5,0,60,15
36,0.1178,3,3,2,60,15
36,0.0669,8,8,4,60,15
28,0.148,6,6,1,60,15
28,0.1965,4,4,0,60,15
28,0.1731,5,5,0,60,15
28,0.127,3,3,2,60,15
28,0.023,8,8,5,60,15
27,0.122,6,6,1,60,15
27,0.1647,4,4,0,60,15
27,0.14,5,5,0,60,15
27,0.1016,3,3,2,60,15
27,0.0611,8,8,6,60,15
10,0.0826,6,6,1,60,15
10,0.102,4,4,0,60,15
10,0.0759,5,5,0,60,15
10,0.0711,3,3,2,60,15
10,0.135,8,8,7,60,15
10,0.1703,6,6,1,60,15
10,0.2268,4,4,0,60,15
10,0.208,5,5,0,60,15
10,0.1514,3,3,3,60,45
10,0.0498,8,8,7,60,15
53,0.0113,6,6,1,60,15
53,0.051,4,4,0,60,15
53,0.0364,5,5,0,60,15
53,0.0244,3,3,3,60,45
53,0.1628,8,8,8,60,45
16,0.0918,6,6,2,60,15
16,0.0646,4,4,0,60,15
16,0.0496,5,5,0,60,15
16,0.0968,3,3,3,60,45
16,0.2037,8,8,8,60,45
19,0.0385,6,6,2,60,15
19,0.0333,4,4,0,60,15
19,0.0097,5,5,1,60,15
19,0.0493,3,3,3,60,45
19,0.1802,8,8,8,60,45
21,0.075,6,6,2,60,15
21,0.1322,4,4,0,60,15
21,0.1206,5,5,2,60,15
21,0.0634,3,3,3,60,45
21,0.1164,8,8,8,60,45
14,0.0479,6,0,0,60,0
14,0.1009,4,0,0,60,0
14,0.0942,5,0,0,60,0
14,0.0462,3,0,0,60,0
14,0.1473,8,0,0,60,0
43,0.114,6,0,0,60,0
43,0.1461,4,0,0,60,0
43,0.1202,5,0,0,60,0
43,0.0963,3,0,0,60,0
43,0.0963,8,1,0,60,0
25,0.168,6,0,0,60,0
25,0.2036,4,0,0,60,0
25,0.1777,5,0,0,60,0
25,0.1486,3,0,0,60,0
25,0.0798,8,2,0,60,0
42,0.1603,6,0,0,60,0
42,0.1938,4,0,0,60,0
42,0.1677,5,0,0,60,0
42,0.1415,3,0,0,60,0
42,0.0868,8,3,0,60,0
36,0.103,6,0,0,60,0
36,0.0518,4,0,0,60,0
36,0.0571,5,0,0,60,0
36,0.1157,3,0,0,60,0
36,0.2398,8,4,0,60,0
20,0.0958,6,1,0,60,0
20,0.1491,4,0,0,60,0
20,0.1283,5,0,0,60,0
20,0.0752,3,0,0,60,0
20,0.0648,8,4,0,60,0
21,0.1005,6,2,0,60,0
21,0.1489,4,0,0,60,0
21,0.1461,5,0,0,60,0
21,0.099,3,0,0,60,0
21,0.1618,8,4,0,60,0
33,0.036,6,2,0,60,0
33,0.0477,4,0,0,60,0
33,0.0546,5,1,0,60,0
33,0.0564,3,0,0,60,0
33,0.1938,8,4,0,60,0
38,0.0709,6,3,0,60,0
38,0.1049,4,0,0,60,0
38,0.0796,5,1,0,60,0
38,0.0546,3,0,0,60,0
38,0.1155,8,4,0,60,0
26,0.1525,6,3,0,60,0
26,0.2101,4,0,0,60,0
26,0.1964,5,2,0,60,0
26,0.1377,3,0,0,60,0
26,0.0953,8,4,0,60,0
43,0.0718,6,3,0,60,0
43,0.0938,4,0,0,60,0
43,0.1025,5,2,0,60,0
43,0.0859,3,0,0,60,0
43,0.2052,8,5,0,60,0
12,0.091,6,3,0,60,0
12,0.0534,4,1,0,60,0
12,0.0451,5,2,0,60,0
12,0.0995,3,0,0,60,0
12,0.2155,8,5,0,60,0
8,0.0462,6,3,0,60,0
8,0.104,4,1,0,60,0
8,0.0902,5,3,0,60,0
8,0.0321,3,0,0,60,0
8,0.1226,8,5,0,60,0
40,0.1107,6,3,0,60,0
40,0.1316,4,1,0,60,0
40,0.1056,5,3,0,60,0
40,0.0967,3,1,0,60,0
40,0.1249,8,5,0,60,0
25,0.0373,6,4,0,60,0
25,0.0744,4,1,0,60,0
25,0.0752,5,3,0,60,0
25,0.0505,3,1,0,60,0
25,0.1769,8,5,0,60,0
28,0.0526,6,4,0,60,0
28,0.0508,4,2,0,60,0
28,0.0645,5,3,0,60,0
28,0.073,3,1,0,60,0
28,0.2097,8,5,0,60,0
27,0.0716,6,4,0,60,0
27,0.0803,4,3,0,60,0
27,0.0546,5,3,0,60,0
27,0.0659,3,1,0,60,0
27,0.1551,8,5,0,60,0
6,0.1639,6,4,0,60,0
6,0.2186,4,3,0,60,0
6,0.198,5,4,0,60,0
6,0.1439,3,1,0,60,0
6,0.0266,8,5,0,60,0
16,0.1008,6,4,0,60,0
16,0.1552,4,3,0,60,0
16,0.1475,5,4,0,60,0
16,0.0933,3,1,0,60,0
16,0.1336,8,6,0,60,0
39,0.0065,6,4,0,60,0
39,0.0548,4,3,0,60,0
39,0.0467,5,4,0,60,0
39,0.0271,3,2,0,60,0
39,0.1661,8,6,0,60,0
20,0.0707,6,5,0,60,0
20,0.0854,4,3,0,60,0
20,0.0965,5,4,0,60,0
20,0.087,3,2,0,60,0
20,0.2118,8,6,0,60,0
11,0.058,6,6,0,60,15
11,0.0636,4,3,0,60,0
11,0.0377,5,4,0,60,0
11,0.0563,3,2,0,60,0
11,0.1628,8,6,0,60,0
15,0.1221,6,6,0,60,15
15,0.1476,4,3,0,60,0
15,0.1214,5,5,0,60,15
15,0.1061,3,2,0,60,0
15,0.112,8,6,0,60,0
30,0.016,6,6,0,60,15
30,0.0569,4,3,0,60,0
30,0.0531,5,5,0,60,15
30,0.0347,3,2,0,60,0
30,0.1716,8,7,0,60,0
31,0.0371,6,6,0,60,15
31,0.0927,4,3,0,60,0
31,0.0837,5,5,0,60,15
31,0.0334,3,3,0,60,15
31,0.1431,8,7,0,60,0
14,0.094,6,6,0,60,15
14,0.1384,4,4,0,60,15
14,0.1144,5,5,0,60,15
14,0.0735,3,3,0,60,15
14,0.0774,8,7,0,60,0
11,0.0718,6,6,0,60,15
11,0.0752,4,4,0,60,15
11,0.0499,5,5,0,60,15
11,0.0682,3,3,0,60,15
11,0.1624,8,8,0,60,15
44,0.1177,6,6,0,60,15
44,0.1749,4,4,0,60,15
44,0.1579,5,5,1,60,15
44,0.0999,3,3,0,60,15
44,0.0676,8,8,0,60,15
32,0.056,6,6,0,60,15
32,0.0062,4,4,0,60,15
32,0.0204,5,5,1,60,15
32,0.0725,3,3,0,60,15
32,0.2078,8,8,1,60,15
17,0.0686,6,6,0,60,15
17,0.1011,4,4,1,60,15
17,0.0756,5,5,1,60,15
17,0.0531,3,3,0,60,15
17,0.1196,8,8,1,60,15
54,0.1447,6,6,0,60,15
54,0.1709,4,4,1,60,15
54,0.1448,5,5,1,60,15
54,0.128,3,3,1,60,15
54,0.1093,8,8,1,60,15
7,0.0831,6,6,0,60,15
7,0.0336,4,4,1,60,15
7,0.0375,5,5,1,60,15
7,0.0962,3,3,1,60,15
7,0.2234,8,8,2,60,15
10,0.1238,6,6,0,60,15
10,0.1789,4,4,2,60,15
10,0.1703,5,5,1,60,15
10,0.1146,3,3,1,60,15
10,0.1296,8,8,2,60,15
19,0.1611,6,6,0,60,15
19,0.1964,4,4,2,60,15
19,0.1705,5,5,1,60,15
19,0.1418,3,3,2,60,15
19,0.0798,8,8,2,60,15
24,0.081,6,6,0,60,15
24,0.1286,4,4,2,60,15
24,0.1057,5,5,1,60,15
24,0.0603,3,3,2,60,15
24,0.0839,8,8,3,60,15
28,0.0533,6,6,0,60,15
28,0.0182,4,4,2,60,15
28,0.0097,5,5,1,60,15
28,0.0672,3,3,3,60,45
28,0.1992,8,8,3,60,15
11,0.0829,6,6,0,60,15
11,0.1007,4,4,2,60,15
11,0.1115,5,5,2,60,15
11,0.0974,3,3,3,60,45
11,0.2157,8,8,3,60,15
44,0.0591,6,6,1,60,15
44,0.0703,4,4,2,60,15
44,0.0815,5,5,2,60,15
44,0.0771,3,3,3,60,45
44,0.2078,8,8,3,60,15
25,0.1307,6,6,2,60,15
25,0.1854,4,4,2,60,15
25,0.1651,5,5,2,60,15
25,0.1107,3,3,3,60,45
25,0.0368,8,8,3,60,15
5,0.0668,6,6,2,60,15
5,0.0128,4,4,2,60,15
5,0.039,5,5,2,60,15
5,0.0856,3,3,3,60,45
5,0.2234,8,8,4,60,15
20,0.0607,6,6,2,60,15
20,0.0946,4,4,3,60,15
20,0.0696,5,5,2,60,15
20,0.0453,3,3,3,60,45
20,0.1229,8,8,4,60,15
24,0.0279,6,6,3,60,15
24,0.0436,4,4,3,60,15
24,0.0226,5,5,2,60,15
24,0.0364,3,3,3,60,45
24,0.1685,8,8,4,60,15
43,0.0599,6,6,3,60,15
43,0.0073,4,4,3,60,15
43,0.0329,5,5,3,60,15
43,0.0785,3,3,3,60,45
43,0.2163,8,8,4,60,15
27,0.1169,6,6,3,60,15
27,0.1664,4,4,4,60,45
27,0.1435,5,5,3,60,15
27,0.096,3,3,3,60,45
27,0.0462,8,8,4,60,15
7,0.1714,6,6,3,60,15
7,0.228,4,4,4,60,45
7,0.2094,5,5,3,60,15
7,0.1526,3,3,3,60,45
7,0.0529,8,8,5,60,15
11,0.0272,6,6,3,60,15
11,0.0335,4,4,4,60,45
11,0.0199,5,5,3,60,15
11,0.0422,3,3,3,60,45
11,0.1787,8,8,6,60,15
59,0.0695,6,6,3,60,15
59,0.0823,4,4,4,60,45
59,0.094,5,5,4,60,15
59,0.0863,3,3,3,60,45
59,0.2127,8,8,6,60,15
10,0.0594,6,6,4,60,15
10,0.1108,4,4,4,60,45
10,0.1055,5,5,4,60,15
10,0.0581,3,3,3,60,45
10,0.15,8,8,6,60,15
23,0.0565,6,6,5,60,15
23,0.0527,4,4,4,60,45
23,0.0676,5,5,4,60,15
23,0.0768,3,3,3,60,45
23,0.2133,8,8,6,60,15
15,0.0482,6,6,6,60,45
15,0.0874,4,4,4,60,45
15,0.0882,5,5,4,60,15
15,0.058,3,3,3,60,45
15,0.1757,8,8,6,60,15
7,0.0423,6,6,6,60,45
7,0.0728,4,4,4,60,45
7,0.0764,5,5,5,60,45
7,0.0572,3,3,3,60,45
7,0.1847,8,8,6,60,15
9,0.0398,6,6,6,60,45
9,0.0259,4,4,4,60,45
9,0.0074,5,5,5,60,45
9,0.0533,3,3,3,60,45
9,0.1867,8,8,7,60,15
6,0.0732,6,6,6,60,45
6,0.018,4,4,4,60,45
6,0.0323,5,5,5,60,45
6,0.0889,3,3,3,60,45
6,0.2218,8,8,8,60,45
29,0.083,6,6,6,60,45
29,0.0902,4,4,5,60,45
29,0.0648,5,5,5,60,45
29,0.0762,3,3,3,60,45
29,0.1552,8,8,8,60,45
57,0.1222,6,0,0,60,0
57,0.1643,4,0,0,60,0
57,0.1394,5,0,0,60,0
57,0.1019,3,0,0,60,0
57,0.0628,8,0,0,60,0
16,0.1305,6,0,0,60,0
16,0.1689,4,0,0,60,0
16,0.1434,5,0,0,60,0
16,0.1109,3,0,0,60,0
16,0.0717,8,1,0,60,0
29,0.0639,6,0,0,60,0
29,0.1003,4,0,0,60,0
29,0.0755,5,0,0,60,0
29,0.047,3,0,0,60,0
29,0.1166,8,2,0,60,0
10,0.1096,6,1,0,60,0
10,0.1668,4,0,0,60,0
10,0.1548,5,0,0,60,0
10,0.0968,3,0,0,60,0
10,0.1057,8,2,0,60,0
79,0.1332,6,1,0,60,0
79,0.1726,4,0,0,60,0
79,0.1473,5,0,0,60,0
79,0.1133,3,0,0,60,0
79,0.0669,8,3,0,60,0
25,0.0893,6,1,0,60,0
25,0.1434,4,0,0,60,0
25,0.1233,5,0,0,60,0
25,0.0689,3,0,0,60,0
25,0.0719,8,4,0,60,0
10,0.0693,6,2,0,60,0
10,0.0895,4,0,0,60,0
10,0.0634,5,0,0,60,0
10,0.059,3,0,0,60,0
10,0.1389,8,4,0,60,0
18,0.087,6,2,0,60,0
18,0.1436,4,0,0,60,0
18,0.133,5,1,0,60,0
18,0.0763,3,0,0,60,0
18,0.1181,8,4,0,60,0
14,0.0674,6,3,0,60,0
14,0.1236,4,0,0,60,0
14,0.1138,5,1,0,60,0
14,0.0586,3,0,0,60,0
14,0.1274,8,4,0,60,0
23,0.0611,6,3,0,60,0
23,0.1108,4,0,0,60,0
23,0.0893,5,1,0,60,0
23,0.0402,3,1,0,60,0
23,0.1011,8,4,0,60,0
18,0.1341,6,3,0,60,0
18,0.1918,4,0,0,60,0
18,0.1781,5,2,0,60,0
18,0.1195,3,1,0,60,0
18,0.0929,8,4,0,60,0
20,0.0575,6,3,0,60,0
20,0.002,4,0,0,60,0
20,0.0275,5,2,0,60,0
20,0.0754,3,1,0,60,0
20,0.2124,8,5,0,60,0
66,0.0539,6,3,0,60,0
66,0.0746,4,1,0,60,0
66,0.0825,5,2,0,60,0
66,0.0703,3,1,0,60,0
66,0.198,8,5,0,60,0
40,0.0578,6,4,0,60,0
40,0.1045,4,1,0,60,0
40,0.1021,5,2,0,60,0
40,0.0611,3,1,0,60,0
40,0.1625,8,5,0,60,0
20,0.0647,6,4,0,60,0
20,0.0194,4,1,0,60,0
20,0.0201,5,3,0,60,0
20,0.0785,3,1,0,60,0
20,0.209,8,5,0,60,0
28,0.1928,6,4,0,60,0
28,0.2506,4,2,0,60,0
28,0.2352,5,3,0,60,0
28,0.1766,3,1,0,60,0
28,0.0967,8,5,0,60,0
10,0.1642,6,4,0,60,0
10,0.2219,4,2,0,60,0
10,0.206,5,3,0,60,0
10,0.1475,3,1,0,60,0
10,0.0788,8,6,0,60,0
5,0.0786,6,4,0,60,0
5,0.0416,4,2,0,60,0
5,0.0324,5,3,0,60,0
5,0.0882,3,1,0,60,0
5,0.209,8,7,0,60,0
55,0.0323,6,4,0,60,0
55,0.0467,4,2,0,60,0
55,0.052,5,4,0,60,0
55,0.0528,3,1,0,60,0
55,0.1906,8,7,0,60,0
22,0.0321,6,5,0,60,0
22,0.0843,4,2,0,60,0
22,0.0655,5,4,0,60,0
22,0.0113,3,1,0,60,0
22,0.129,8,7,0,60,0
6,0.0171,6,5,0,60,0
6,0.0748,4,2,0,60,0
6,0.0621,5,4,0,60,0
6,0.0121,3,2,0,60,0
6,0.1455,8,7,0,60,0
15,0.1047,6,5,0,60,0
15,0.1473,4,2,0,60,0
15,0.148,5,4,0,60,0
15,0.1071,3,3,0,60,15
15,0.1816,8,7,0,60,0
87,0.0515,6,5,0,60,0
87,0.0864,4,3,0,60,0
87,0.0892,5,4,0,60,0
87,0.0631,3,3,0,60,15
87,0.1823,8,7,0,60,0
33,0.0719,6,6,0,60,15
33,0.1162,4,3,0,60,0
33,0.1155,5,4,0,60,0
33,0.0754,3,3,0,60,15
33,0.1692,8,7,0,60,0
81,0.0334,6,6,0,60,15
81,0.0793,4,3,0,60,0
81,0.0763,5,5,0,60,15
81,0.0424,3,3,0,60,15
81,0.1655,8,7,0,60,0
22,0.0441,6,6,0,60,15
22,0.045,4,4,0,60,15
22,0.0562,5,5,0,60,15
22,0.0648,3,3,0,60,15
22,0.2026,8,7,0,60,0
26,0.0794,6,6,0,60,15
26,0.13,4,4,0,60,15
26,0.1083,5,5,0,60,15
26,0.0584,3,3,0,60,15
26,0.0819,8,8,0,60,15
16,0.1307,6,6,0,60,15
16,0.1882,4,4,0,60,15
16,0.1754,5,5,0,60,15
16,0.1169,3,3,1,60,15
16,0.0994,8,8,0,60,15
15,0.117,6,6,0,60,15
15,0.1726,4,4,0,60,15
15,0.1533,5,5,0,60,15
15,0.0974,3,3,1,60,15
15,0.052,8,8,1,60,15
43,0.0581,6,6,0,60,15
43,0.1053,4,4,0,60,15
43,0.083,5,5,0,60,15
43,0.0377,3,3,1,60,15
43,0.1067,8,8,2,60,15
48,0.0607,6,6,0,60,15
48,0.0414,4,4,0,60,15
48,0.0195,5,5,0,60,15
48,0.0678,3,3,2,60,15
48,0.1881,8,8,2,60,15
44,0.0656,6,6,0,60,15
44,0.0586,4,4,0,60,15
44,0.0754,5,5,1,60,15
44,0.0858,3,3,2,60,15
44,0.2216,8,8,2,60,15
51,0.1306,6,6,0,60,15
51,0.1803,4,4,1,60,15
51,0.1574,5,5,1,60,15
51,0.1097,3,3,2,60,15
51,0.0326,8,8,2,60,15
72,0.1889,6,6,0,60,15
72,0.2466,4,4,1,60,15
72,0.2309,5,5,1,60,15
72,0.1724,3,3,2,60,15
72,0.0915,8,8,3,60,15
9,0.0928,6,6,0,60,15
9,0.1496,4,4,1,60,15
9,0.1387,5,5,1,60,15
9,0.0816,3,3,2,60,15
9,0.1151,8,8,4,60,15
52,0.0456,6,6,0,60,15
52,0.0663,4,4,1,60,15
52,0.0408,5,5,1,60,15
52,0.0406,3,3,3,60,45
52,0.1509,8,8,4,60,15
22,0.1307,6,6,0,60,15
22,0.1807,4,4,1,60,15
22,0.1579,5,5,2,60,15
22,0.1098,3,3,3,60,45
22,0.0319,8,8,4,60,15
85,0.0588,6,6,0,60,15
85,0.0016,4,4,1,60,15
85,0.0258,5,5,2,60,15
85,0.0762,3,3,3,60,45
85,0.2124,8,8,5,60,15
47,0.059,6,6,0,60,15
47,0.0744,4,4,2,60,15
47,0.0483,5,5,2,60,15
47,0.0527,3,3,3,60,45
47,0.1504,8,8,5,60,15
9,0.05,6,6,0,60,15
9,0.0083,4,4,2,60,15
9,0.0249,5,5,3,60,15
9,0.0682,3,3,3,60,45
9,0.2059,8,8,5,60,15
6,0.0843,6,6,0,60,15
6,0.14,4,4,3,60,15
6,0.1308,5,5,3,60,15
6,0.0755,3,3,3,60,45
6,0.1261,8,8,5,60,15
5,0.1116,6,6,1,60,15
5,0.1256,4,4,3,60,15
5,0.1387,5,5,3,60,15
5,0.1258,3,3,3,60,45
5,0.2384,8,8,5,60,15
58,0.1247,6,6,2,60,15
58,0.1825,4,4,3,60,15
58,0.168,5,5,3,60,15
58,0.1092,3,3,3,60,45
58,0.0857,8,8,5,60,15
57,0.119,6,6,2,60,15
57,0.176,4,4,3,60,15
57,0.1645,5,5,3,60,15
57,0.1067,3,3,3,60,45
57,0.1089,8,8,6,60,15
56,0.1301,6,6,2,60,15
56,0.1878,4,4,3,60,15
56,0.1722,5,5,3,60,15
56,0.1136,3,3,3,60,45
56,0.0764,8,8,7,60,15
29,0.1137,6,0,0,60,0
29,0.1666,4,0,0,60,0
29,0.1454,5,0,0,60,0
29,0.0931,3,0,0,60,0
29,0.047,8,0,0,60,0
25,0.135,6,0,0,60,0
25,0.1638,4,0,0,60,0
25,0.1377,5,0,0,60,0
25,0.1177,3,0,0,60,0
25,0.1014,8,1,0,60,0
53,0.119,6,0,0,60,0
53,0.1767,4,0,0,60,0
53,0.1613,5,0,0,60,0
53,0.1027,3,0,0,60,0
53,0.0797,8,2,0,60,0
17,0.1169,6,0,0,60,0
17,0.1741,4,0,0,60,0
17,0.1621,5,0,0,60,0
17,0.104,3,0,0,60,0
17,0.1049,8,3,0,60,0
28,0.101,6,1,0,60,0
28,0.1523,4,0,0,60,0
28,0.1473,5,0,0,60,0
28,0.0968,3,0,0,60,0
28,0.1498,8,3,0,60,0
82,0.1223,6,2,0,60,0
82,0.1797,4,0,0,60,0
82,0.1673,5,0,0,60,0
82,0.1091,3,0,0,60,0
82,0.1027,8,3,0,60,0
16,0.0918,6,2,0,60,0
16,0.0952,4,0,0,60,0
16,0.0705,5,0,0,60,0
16,0.0856,3,0,0,60,0
16,0.1606,8,4,0,60,0
8,0.161,6,2,0,60,0
8,0.1981,4,0,0,60,0
8,0.1723,5,1,0,60,0
8,0.1413,3,0,0,60,0
8,0.0729,8,4,0,60,0
56,0.1347,6,2,0,60,0
56,0.1864,4,0,0,60,0
56,0.1643,5,1,0,60,0
56,0.1139,3,0,0,60,0
56,0.0257,8,5,0,60,0
90,0.0627,6,2,0,60,0
90,0.0979,4,0,0,60,0
90,0.073,5,1,0,60,0
90,0.0465,3,0,0,60,0
90,0.1193,8,6,0,60,0
16,0.0591,6,3,0,60,0
16,0.0928,4,0,0,60,0
16,0.0678,5,1,0,60,0
16,0.0441,3,0,0,60,0
16,0.1245,8,6,0,60,0
37,0.1743,6,3,0,60,0
37,0.2316,4,0,0,60,0
37,0.2142,5,2,0,60,0
37,0.1564,3,0,0,60,0
37,0.0671,8,6,0,60,0
22,0.0778,6,3,0,60,0
22,0.1226,4,0,0,60,0
22,0.1217,5,2,0,60,0
22,0.0804,3,0,0,60,0
22,0.1688,8,7,0,60,0
7,0.1437,6,3,0,60,0
7,0.1814,4,1,0,60,0
7,0.1557,5,2,0,60,0
7,0.1241,3,0,0,60,0
7,0.071,8,7,0,60,0
8,0.0652,6,3,0,60,0
8,0.123,4,1,0,60,0
8,0.1084,5,2,0,60,0
8,0.0498,3,1,0,60,0
8,0.108,8,7,0,60,0
7,0.0737,6,4,0,60,0
7,0.1108,4,1,0,60,0
7,0.0859,5,2,0,60,0
7,0.0559,3,1,0,60,0
7,0.1079,8,7,0,60,0
31,0.0768,6,4,0,60,0
31,0.0674,4,1,0,60,0
31,0.0445,5,3,0,60,0
31,0.0773,3,1,0,60,0
31,0.1786,8,7,0,60,0
41,0.0312,6,4,0,60,0
41,0.0715,4,2,0,60,0
41,0.0497,5,3,0,60,0
41,0.0199,3,1,0,60,0
41,0.1404,8,7,0,60,0
5,0.0401,6,4,0,60,0
5,0.0302,4,2,0,60,0
5,0.041,5,3,0,60,0
5,0.0609,3,2,0,60,0
5,0.2004,8,7,0,60,0
84,0.0942,6,4,0,60,0
84,0.1519,4,3,0,60,0
84,0.1386,5,3,0,60,0
84,0.0801,3,2,0,60,0
84,0.1003,8,7,0,60,0
35,0.1395,6,5,0,60,0
35,0.171,4,3,0,60,0
35,0.145,5,3,0,60,0
35,0.1213,3,2,0,60,0
35,0.0925,8,7,0,60,0
15,0.1093,6,5,0,60,0
15,0.1645,4,3,0,60,0
15,0.1448,5,3,0,60,0
15,0.0895,3,2,0,60,0
15,0.0559,8,8,0,60,15
10,0.0468,6,5,0,60,0
10,0.0449,4,3,0,60,0
10,0.0574,5,3,0,60,0
10,0.0675,3,3,0,60,15
10,0.2054,8,8,0,60,15
38,0.1276,6,5,0,60,0
38,0.1845,4,3,0,60,0
38,0.1731,5,4,0,60,0
38,0.1152,3,3,0,60,15
38,0.1096,8,8,0,60,15
28,0.0381,6,6,0,60,15
28,0.0346,4,3,0,60,0
28,0.0108,5,4,0,60,0
28,0.0483,3,3,0,60,15
28,0.179,8,8,0,60,15
24,0.0532,6,6,0,60,15
24,0.0553,4,3,0,60,0
24,0.0682,5,5,0,60,15
24,0.0732,3,3,0,60,15
24,0.2088,8,8,0,60,15
26,0.1568,6,6,0,60,15
26,0.2146,4,4,0,60,15
26,0.1992,5,5,0,60,15
26,0.1405,3,3,0,60,15
26,0.0807,8,8,0,60,15
87,0.0891,6,6,0,60,15
87,0.1415,4,4,0,60,15
87,0.1204,5,5,0,60,15
87,0.0683,3,3,0,60,15
87,0.0713,8,8,1,60,15
22,0.0257,6,6,0,60,15
22,0.0362,4,4,0,60,15
22,0.0209,5,5,0,60,15
22,0.0397,3,3,1,60,15
22,0.1759,8,8,1,60,15
29,0.1019,6,6,0,60,15
29,0.159,4,4,0,60,15
29,0.1475,5,5,1,60,15
29,0.0899,3,3,1,60,15
29,0.1101,8,8,1,60,15
25,0.0986,6,6,0,60,15
25,0.1325,4,4,0,60,15
25,0.1374,5,5,1,60,15
25,0.106,3,3,2,60,15
25,0.1996,8,8,1,60,15
72,0.064,6,6,1,60,15
72,0.0065,4,4,0,60,15
72,0.029,5,5,1,60,15
72,0.0812,3,3,2,60,15
72,0.2169,8,8,1,60,15
12,0.0589,6,6,1,60,15
12,0.0833,4,4,1,60,15
12,0.0575,5,5,1,60,15
12,0.0484,3,3,2,60,15
12,0.1381,8,8,1,60,15
10,0.0915,6,6,1,60,15
10,0.1023,4,4,1,60,15
10,0.1158,5,5,1,60,15
10,0.1074,3,3,3,60,45
10,0.2284,8,8,1,60,15
9,0.0814,6,6,2,60,15
9,0.1389,4,4,1,60,15
9,0.1264,5,5,1,60,15
9,0.0685,3,3,3,60,45
9,0.1095,8,8,1,60,15
22,0.0495,6,0,0,60,0
22,0.1071,4,0,0,60,0
22,0.0947,5,0,0,60,0
22,0.0377,3,0,0,60,0
22,0.125,8,0,0,60,0
6,0.1017,6,0,0,60,0
6,0.1502,4,0,0,60,0
6,0.1473,5,0,0,60,0
6,0.0999,3,0,0,60,0
6,0.1615,8,1,0,60,0
17,0.0936,6,1,0,60,0
17,0.1028,4,0,0,60,0
17,0.1169,5,0,0,60,0
17,0.1098,3,0,0,60,0
17,0.2315,8,1,0,60,0
9,0.0922,6,2,0,60,0
9,0.1408,4,0,0,60,0
9,0.1377,5,0,0,60,0
9,0.0908,3,0,0,60,0
9,0.1593,8,1,0,60,0
28,0.1288,6,2,0,60,0
28,0.1866,4,0,0,60,0
28,0.1712,5,0,0,60,0
28,0.1126,3,0,0,60,0
28,0.0787,8,2,0,60,0
30,0.0299,6,2,0,60,0
30,0.057,4,0,0,60,0
30,0.0343,5,0,0,60,0
30,0.0294,3,0,0,60,0
30,0.1554,8,3,0,60,0
27,0.127,6,2,0,60,0
27,0.1825,4,0,0,60,0
27,0.1733,5,1,0,60,0
27,0.1171,3,0,0,60,0
27,0.1266,8,3,0,60,0
34,0.0118,6,2,0,60,0
34,0.0483,4,0,0,60,0
34,0.0349,5,1,0,60,0
34,0.0272,3,0,0,60,0
34,0.1659,8,4,0,60,0
42,0.0112,6,3,0,60,0
42,0.067,4,0,0,60,0
42,0.0526,5,1,0,60,0
42,0.0098,3,0,0,60,0
42,0.1493,8,4,0,60,0
11,0.1108,6,3,0,60,0
11,0.1343,4,0,0,60,0
11,0.1081,5,2,0,60,0
11,0.0959,3,0,0,60,0
11,0.119,8,4,0,60,0
6,0.155,6,3,0,60,0
6,0.2062,4,0,0,60,0
6,0.1838,5,2,0,60,0
6,0.1342,3,0,0,60,0
6,0.0058,8,5,0,60,0
66,0.1269,6,3,0,60,0
66,0.1842,4,0,0,60,0
66,0.1672,5,2,0,60,0
66,0.1091,3,0,0,60,0
66,0.065,8,6,0,60,0
58,0.0581,6,3,0,60,0
58,0.0306,4,0,0,60,0
58,0.0122,5,2,0,60,0
58,0.0685,3,1,0,60,0
58,0.1946,8,6,0,60,0
8,0.0471,6,3,0,60,0
8,0.0122,4,1,0,60,0
8,0.016,5,2,0,60,0
8,0.0637,3,1,0,60,0
8,0.1997,8,6,0,60,0
57,0.0751,6,3,0,60,0
57,0.0916,4,2,0,60,0
57,0.1024,5,2,0,60,0
57,0.0905,3,1,0,60,0
57,0.2126,8,6,0,60,0
19,0.0457,6,4,0,60,0
19,0.0278,4,2,0,60,0
19,0.0018,5,2,0,60,0
19,0.0573,3,1,0,60,0
19,0.1877,8,6,0,60,0
36,0.0574,6,4,0,60,0
36,0.0822,4,2,0,60,0
36,0.089,5,3,0,60,0
36,0.072,3,1,0,60,0
36,0.1956,8,6,0,60,0
19,0.0422,6,5,0,60,0
19,0.0897,4,2,0,60,0
19,0.0864,5,3,0,60,0
19,0.0475,3,1,0,60,0
19,0.1617,8,6,0,60,0
42,0.1423,6,5,0,60,0
42,0.2,4,2,0,60,0
42,0.1858,5,3,0,60,0
42,0.1271,3,2,0,60,0
42,0.0889,8,6,0,60,0
50,0.1631,6,5,0,60,0
50,0.1956,4,2,0,60,0
50,0.1695,5,3,0,60,0
50,0.1445,3,2,0,60,0
50,0.0909,8,7,0,60,0
23,0.0658,6,5,0,60,0
23,0.022,4,2,0,60,0
23,0.0204,5,3,0,60,0
23,0.0791,3,2,0,60,0
23,0.2086,8,8,0,60,15
59,0.1647,6,5,0,60,0
59,0.2112,4,2,0,60,0
59,0.187,5,4,0,60,0
59,0.1438,3,2,0,60,0
59,0.0307,8,8,0,60,15
27,0.0789,6,5,0,60,0
27,0.0878,4,2,0,60,0
27,0.1013,5,4,0,60,0
27,0.096,3,3,0,60,15
27,0.2218,8,8,0,60,15
76,0.0648,6,5,0,60,0
76,0.0805,4,3,0,60,0
76,0.0544,5,4,0,60,0
76,0.0572,3,3,0,60,15
76,0.1475,8,8,0,60,15
9,0.069,6,5,0,60,0
9,0.0366,4,3,0,60,0
9,0.0231,5,5,0,60,15
9,0.0786,3,3,0,60,15
9,0.2011,8,8,0,60,15
39,0.0912,6,5,0,60,0
39,0.1072,4,4,0,60,15
39,0.0813,5,5,0,60,15
39,0.0802,3,3,0,60,15
39,0.1387,8,8,0,60,15
21,0.114,6,6,0,60,15
21,0.1365,4,4,0,60,15
21,0.1104,5,5,0,60,15
21,0.0993,3,3,0,60,15
21,0.1208,8,8,0,60,15
26,0.1106,6,6,0,60,15
26,0.1536,4,4,0,60,15
26,0.1291,5,5,0,60,15
26,0.0902,3,3,1,60,15
26,0.0675,8,8,0,60,15
6,0.1364,6,6,0,60,15
6,0.1872,4,4,0,60,15
6,0.1647,5,5,0,60,15
6,0.1156,3,3,1,60,15
6,0.0248,8,8,1,60,15
28,0.1193,6,6,0,60,15
28,0.1715,4,4,0,60,15
28,0.1659,5,5,0,60,15
28,0.1137,3,3,1,60,15
28,0.1489,8,8,2,60,15
76,0.1052,6,6,0,60,15
76,0.1419,4,4,0,60,15
76,0.1164,5,5,0,60,15
76,0.0864,3,3,2,60,15
76,0.0881,8,8,2,60,15
33,0.1353,6,6,0,60,15
33,0.1664,4,4,0,60,15
33,0.1404,5,5,0,60,15
33,0.1174,3,3,3,60,45
33,0.0944,8,8,2,60,15
47,0.1408,6,6,0,60,15
47,0.1985,4,4,0,60,15
47,0.1845,5,5,0,60,15
47,0.1257,3,3,3,60,45
47,0.0898,8,8,3,60,15
44,0.1112,6,6,0,60,15
44,0.1266,4,4,0,60,15
44,0.1392,5,5,0,60,15
44,0.1249,3,3,3,60,45
44,0.2362,8,8,4,60,15
65,0.0635,6,6,1,60,15
65,0.1191,4,4,0,60,15
65,0.11,5,5,0,60,15
65,0.0561,3,3,3,60,45
65,0.1325,8,8,4,60,15
7,0.0608,6,6,2,60,15
7,0.0035,4,4,0,60,15
7,0.0266,5,5,0,60,15
7,0.078,3,3,3,60,45
7,0.2139,8,8,4,60,15
33,0.0542,6,6,2,60,15
33,0.0703,4,4,1,60,15
33,0.0443,5,5,0,60,15
33,0.0487,3,3,3,60,45
33,0.1516,8,8,4,60,15
46,0.096,6,6,2,60,15
46,0.1501,4,4,1,60,15
46,0.1426,5,5,1,60,15
46,0.0889,3,3,3,60,45
46,0.1352,8,8,4,60,15
29,0.1658,6,6,3,60,15
29,0.1968,4,4,1,60,15
29,0.1707,5,5,1,60,15
29,0.1475,3,3,3,60,45
29,0.0965,8,8,4,60,15
26,0.1398,6,6,3,60,15
26,0.1908,4,4,1,60,15
26,0.1684,5,5,1,60,15
26,0.1189,3,3,3,60,45
26,0.0211,8,8,5,60,15
20,0.0579,6,6,3,60,15
20,0.1157,4,4,1,60,15
20,0.1018,5,5,1,60,15
20,0.0435,3,3,3,60,45
20,0.115,8,8,6,60,15
40,0.0812,6,6,4,60,15
40,0.0986,4,4,1,60,15
40,0.1094,5,5,1,60,15
40,0.0959,3,3,3,60,45
40,0.2152,8,8,6,60,15
11,0.1457,6,6,5,60,15
11,0.2015,4,4,1,60,15
11,0.1822,5,5,1,60,15
11,0.1263,3,3,3,60,45
11,0.0392,8,8,6,60,15
18,0.1084,6,6,5,60,15
18,0.1442,4,4,1,60,15
18,0.1485,5,5,1,60,15
18,0.1143,3,3,3,60,45
18,0.1999,8,8,7,60,15
36,0.0815,6,0,0,60,0
36,0.1278,4,0,0,60,0
36,0.1261,5,0,0,60,0
36,0.0827,3,0,0,60,0
36,0.1652,8,0,0,60,0
15,0.1544,6,0,0,60,0
15,0.1957,4,0,0,60,0
15,0.1705,5,0,0,60,0
15,0.134,3,0,0,60,0
15,0.0552,8,1,0,60,0
11,0.1192,6,0,0,60,0
11,0.1618,4,0,0,60,0
11,0.137,5,0,0,60,0
11,0.0989,3,0,0,60,0
11,0.0632,8,2,0,60,0
30,0.0744,6,0,0,60,0
30,0.0171,4,0,0,60,0
30,0.0411,5,0,0,60,0
30,0.0924,3,0,0,60,0
30,0.2288,8,3,0,60,0
33,0.1511,6,1,0,60,0
33,0.1799,4,0,0,60,0
33,0.1538,5,0,0,60,0
33,0.1336,3,0,0,60,0
33,0.1018,8,3,0,60,0
79,0.0258,6,1,0,60,0
79,0.0481,4,0,0,60,0
79,0.0272,5,0,0,60,0
79,0.0321,3,0,0,60,0
79,0.1639,8,4,0,60,0
40,0.1313,6,2,0,60,0
40,0.1864,4,0,0,60,0
40,0.1778,5,0,0,60,0
40,0.1221,3,0,0,60,0
40,0.1316,8,4,0,60,0
12,0.0786,6,2,0,60,0
12,0.0553,4,0,0,60,0
12,0.0374,5,1,0,60,0
12,0.0838,3,0,0,60,0
12,0.195,8,4,0,60,0
100,0.0829,6,2,0,60,0
100,0.1403,4,0,0,60,0
100,0.1239,5,2,0,60,0
100,0.0654,3,0,0,60,0
100,0.0892,8,4,0,60,0
24,0.086,6,3,0,60,0
24,0.0876,4,0,0,60,0
24,0.063,5,2,0,60,0
24,0.0811,3,0,0,60,0
24,0.1636,8,4,0,60,0
59,0.0636,6,3,0,60,0
59,0.1213,4,1,0,60,0
59,0.1073,5,2,0,60,0
59,0.0488,3,0,0,60,0
59,0.1107,8,4,0,60,0
19,0.1646,6,3,0,60,0
19,0.2107,4,1,0,60,0
19,0.1864,5,2,0,60,0
19,0.1438,3,1,0,60,0
19,0.033,8,4,0,60,0
14,0.1084,6,3,0,60,0
14,0.1586,4,1,0,60,0
14,0.1361,5,2,0,60,0
14,0.0875,3,1,0,60,0
14,0.0534,8,5,0,60,0
17,0.0586,6,3,0,60,0
17,0.1157,4,1,0,60,0
17,0.1043,5,2,0,60,0
17,0.0479,3,1,0,60,0
17,0.1241,8,6,0,60,0
5,0.0611,6,4,0,60,0
5,0.0893,4,1,0,60,0
5,0.0637,5,2,0,60,0
5,0.0484,3,1,0,60,0
5,0.1312,8,6,0,60,0
35,0.1034,6,4,0,60,0
35,0.1608,4,1,0,60,0
35,0.1442,5,3,0,60,0
35,0.0859,3,1,0,60,0
35,0.0763,8,6,0,60,0
49,0.0966,6,4,0,60,0
49,0.1494,4,1,0,60,0
49,0.1431,5,3,0,60,0
49,0.0909,3,1,0,60,0
49,0.142,8,7,0,60,0
47,0.0467,6,4,0,60,0
47,0.1029,4,1,0,60,0
47,0.0932,5,3,0,60,0
47,0.0399,3,2,0,60,0
47,0.1362,8,7,0,60,0
9,0.1707,6,5,0,60,0
9,0.2072,4,1,0,60,0
9,0.1814,5,3,0,60,0
9,0.1512,3,2,0,60,0
9,0.0773,8,7,0,60,0
58,0.181,6,5,0,60,0
58,0.2148,4,1,0,60,0
58,0.1888,5,3,0,60,0
58,0.1618,3,2,0,60,0
58,0.0904,8,8,0,60,15
24,0.0608,6,5,0,60,0
24,0.1013,4,2,0,60,0
24,0.0773,5,3,0,60,0
24,0.0425,3,2,0,60,0
24,0.1129,8,8,0,60,15
23,0.1775,6,5,0,60,0
23,0.2096,4,2,0,60,0
23,0.1835,5,4,0,60,0
23,0.1588,3,2,0,60,0
23,0.0959,8,8,0,60,15
5,0.1183,6,5,0,60,0
5,0.1736,4,2,0,60,0
5,0.1647,5,4,0,60,0
5,0.1089,3,3,0,60,15
5,0.1272,8,8,0,60,15
7,0.1578,6,6,0,60,15
7,0.1907,4,2,0,60,0
7,0.1646,5,4,0,60,0
7,0.1391,3,3,0,60,15
7,0.0884,8,8,0,60,15
9,0.0836,6,6,0,60,15
9,0.1398,4,3,0,60,0
9,0.1217,5,4,0,60,0
9,0.0645,3,3,0,60,15
9,0.0818,8,8,0,60,15
19,0.085,6,6,0,60,15
19,0.1196,4,3,0,60,0
19,0.1239,5,5,0,60,15
19,0.093,3,3,0,60,15
19,0.1928,8,8,0,60,15
31,0.0326,6,6,0,60,15
31,0.088,4,4,0,60,15
31,0.0709,5,5,0,60,15
31,0.0127,3,3,0,60,15
31,0.1279,8,8,0,60,15
89,0.0734,6,6,0,60,15
89,0.0897,4,4,0,60,15
89,0.0636,5,5,0,60,15
89,0.0641,3,3,1,60,15
89,0.1433,8,8,0,60,15
45,0.015,6,6,0,60,15
45,0.0486,4,4,0,60,15
45,0.0329,5,5,1,60,15
45,0.0269,3,3,1,60,15
45,0.1643,8,8,0,60,15
13,0.1371,6,6,1,60,15
13,0.1949,4,4,0,60,15
13,0.1799,5,5,1,60,15
13,0.1212,3,3,1,60,15
13,0.0813,8,8,0,60,15
25,0.1013,6,6,1,60,15
25,0.1568,4,4,0,60,15
25,0.1477,5,5,1,60,15
25,0.0921,3,3,1,60,15
25,0.1255,8,8,1,60,15
25,0.1608,6,6,1,60,15
25,0.2183,4,4,0,60,15
25,0.2015,5,5,1,60,15
25,0.1434,3,3,2,60,15
25,0.0681,8,8,1,60,15
11,0.1674,6,6,1,60,15
11,0.1993,4,4,0,60,15
11,0.1732,5,5,1,60,15
11,0.1489,3,3,2,60,15
11,0.0937,8,8,2,60,15
53,0.0972,6,6,1,60,15
53,0.1087,4,4,0,60,15
53,0.0832,5,5,1,60,15
53,0.0874,3,3,2,60,15
53,0.1461,8,8,3,60,15
20,0.1069,6,6,1,60,15
20,0.1322,4,4,0,60,15
20,0.106,5,5,2,60,15
20,0.0915,3,3,2,60,15
20,0.1155,8,8,3,60,15
10,0.0603,6,6,1,60,15
10,0.0945,4,4,0,60,15
10,0.0981,5,5,2,60,15
10,0.0709,3,3,3,60,45
10,0.1854,8,8,3,60,15
13,0.0554,6,0,0,60,0
13,0.0181,4,0,0,60,0
13,0.0395,5,0,0,60,0
13,0.0754,3,0,0,60,0
13,0.2147,8,0,0,60,0
10,0.1437,6,1,0,60,0
10,0.183,4,0,0,60,0
10,0.1575,5,0,0,60,0
10,0.1238,3,0,0,60,0
10,0.0648,8,0,0,60,0
49,0.1038,6,1,0,60,0
49,0.1533,4,0,0,60,0
49,0.1306,5,0,0,60,0
49,0.0829,3,0,0,60,0
49,0.0589,8,1,0,60,0
25,0.1352,6,1,0,60,0
25,0.1921,4,0,0,60,0
25,0.1807,5,0,0,60,0
25,0.1227,3,0,0,60,0
25,0.1104,8,2,0,60,0
8,0.177,6,1,0,60,0
8,0.2104,4,0,0,60,0
8,0.1844,5,0,0,60,0
8,0.158,3,0,0,60,0
8,0.0906,8,3,0,60,0
69,0.1042,6,1,0,60,0
69,0.1336,4,0,0,60,0
69,0.1407,5,0,0,60,0
69,0.1134,3,0,0,60,0
69,0.2109,8,4,0,60,0
14,0.0302,6,2,0,60,0
14,0.0492,4,0,0,60,0
14,0.0264,5,0,0,60,0
14,0.0347,3,0,0,60,0
14,0.1634,8,4,0,60,0
41,0.0658,6,2,0,60,0
41,0.0707,4,0,0,60,0
41,0.045,5,1,0,60,0
41,0.0626,3,0,0,60,0
41,0.1616,8,4,0,60,0
35,0.0562,6,2,0,60,0
35,0.0924,4,0,0,60,0
35,0.0949,5,2,0,60,0
35,0.0663,3,0,0,60,0
35,0.1814,8,4,0,60,0
20,0.0412,6,3,0,60,0
20,0.0791,4,0,0,60,0
20,0.0558,5,2,0,60,0
20,0.0274,3,0,0,60,0
20,0.1337,8,4,0,60,0
17,0.034,6,3,0,60,0
17,0.0761,4,0,0,60,0
17,0.0542,5,2,0,60,0
17,0.0198,3,1,0,60,0
17,0.1359,8,4,0,60,0
62,0.1031,6,3,0,60,0
62,0.1306,4,1,0,60,0
62,0.1045,5,2,0,60,0
62,0.0872,3,1,0,60,0
62,0.1116,8,4,0,60,0
10,0.0578,6,3,0,60,0
10,0.1155,4,1,0,60,0
10,0.1025,5,2,0,60,0
10,0.0447,3,1,0,60,0
10,0.1182,8,5,0,60,0
12,0.0918,6,4,0,60,0
12,0.1052,4,1,0,60,0
12,0.0795,5,2,0,60,0
12,0.0818,3,1,0,60,0
12,0.1434,8,5,0,60,0
20,0.1662,6,4,0,60,0
20,0.2089,4,1,0,60,0
20,0.1839,5,3,0,60,0
20,0.1456,3,1,0,60,0
20,0.0497,8,5,0,60,0
80,0.0792,6,4,0,60,0
80,0.0754,4,1,0,60,0
80,0.0515,5,3,0,60,0
80,0.0772,3,1,0,60,0
80,0.1714,8,6,0,60,0
37,0.0643,6,4,0,60,0
37,0.0615,4,2,0,60,0
37,0.0771,5,3,0,60,0
37,0.0842,3,1,0,60,0
37,0.2189,8,6,0,60,0
25,0.0664,6,4,0,60,0
25,0.1125,4,3,0,60,0
25,0.0896,5,3,0,60,0
25,0.046,3,1,0,60,0
25,0.0999,8,6,0,60,0
62,0.087,6,4,0,60,0
62,0.044,4,3,0,60,0
62,0.0403,5,3,0,60,0
62,0.0976,3,2,0,60,0
62,0.2191,8,6,0,60,0
25,0.1241,6,4,0,60,0
25,0.1635,4,3,0,60,0
25,0.1381,5,4,0,60,0
25,0.1044,3,2,0,60,0
25,0.0709,8,6,0,60,0
43,0.0725,6,4,0,60,0
43,0.0268,4,3,0,60,0
43,0.0267,5,4,0,60,0
43,0.0854,3,2,0,60,0
43,0.2134,8,7,0,60,0
57,0.1428,6,5,0,60,0
57,0.1797,4,3,0,60,0
57,0.154,5,4,0,60,0
57,0.1233,3,2,0,60,0
57,0.074,8,7,0,60,0
14,0.0939,6,5,0,60,0
14,0.1232,4,3,0,60,0
14,0.1301,5,4,0,60,0
14,0.1037,3,2,0,60,0
14,0.2059,8,8,0,60,15
7,0.0754,6,6,0,60,15
7,0.1303,4,3,0,60,0
7,0.122,5,4,0,60,0
7,0.0682,3,2,0,60,0
7,0.1328,8,8,0,60,15
14,0.0708,6,6,0,60,15
14,0.1213,4,3,0,60,0
14,0.0997,5,4,0,60,0
14,0.0499,3,3,0,60,15
14,0.0907,8,8,0,60,15
19,0.1421,6,6,0,60,15
19,0.1955,4,3,0,60,0
19,0.1742,5,5,0,60,15
19,0.1216,3,3,0,60,15
19,0.022,8,8,0,60,15
29,0.0524,6,6,0,60,15
29,0.0249,4,4,0,60,15
29,0.0059,5,5,0,60,15
29,0.0645,3,3,0,60,15
29,0.1941,8,8,0,60,15
10,0.0725,6,6,0,60,15
10,0.1272,4,4,0,60,15
10,0.1191,5,5,1,60,15
10,0.0658,3,3,0,60,15
10,0.1344,8,8,0,60,15
63,0.1303,6,6,0,60,15
63,0.1588,4,4,0,60,15
63,0.1327,5,5,1,60,15
63,0.1132,3,3,1,60,15
63,0.1026,8,8,0,60,15
88,0.1314,6,6,0,60,15
88,0.1892,4,4,0,60,15
88,0.1752,5,5,1,60,15
88,0.1165,3,3,1,60,15
88,0.09,8,8,1,60,15
30,0.1413,6,6,0,60,15
30,0.1991,4,4,0,60,15
30,0.1851,5,5,1,60,15
30,0.1264,3,3,1,60,15
30,0.091,8,8,2,60,15
22,0.105,6,6,0,60,15
22,0.1556,4,4,0,60,15
22,0.1334,5,5,1,60,15
22,0.084,3,3,1,60,15
22,0.0563,8,8,3,60,15
28,0.1691,6,6,0,60,15
28,0.2268,4,4,0,60,15
28,0.2121,5,5,1,60,15
28,0.1533,3,3,1,60,15
28,0.0909,8,8,4,60,15
6,0.035,6,6,0,60,15
6,0.0335,4,4,0,60,15
6,0.0409,5,5,1,60,15
6,0.0559,3,3,1,60,15
6,0.1954,8,8,5,60,15
31,0.1208,6,6,0,60,15
31,0.1779,4,4,1,60,15
31,0.1661,5,5,1,60,15
31,0.1082,3,3,1,60,15
31,0.107,8,8,5,60,15
15,0.0937,6,6,0,60,15
15,0.1166,4,4,1,60,15
15,0.0905,5,5,1,60,15
15,0.0799,3,3,1,60,15
15,0.1246,8,8,6,60,15
30,0.1253,6,6,0,60,15
30,0.1576,4,4,1,60,15
30,0.1317,5,5,1,60,15
30,0.1072,3,3,2,60,15
30,0.0922,8,8,6,60,15
23,0.0891,6,0,0,60,0
23,0.1468,4,0,0,60,0
23,0.1334,5,0,0,60,0
23,0.0749,3,0,0,60,0
23,0.1013,8,0,0,60,0
26,0.1687,6,0,0,60,0
26,0.2037,4,0,0,60,0
26,0.1777,5,0,0,60,0
26,0.1495,3,0,0,60,0
26,0.0826,8,1,0,60,0
20,0.0591,6,0,0,60,0
20,0.1075,4,0,0,60,0
20,0.0856,5,0,0,60,0
20,0.0384,3,0,0,60,0
20,0.1044,8,2,0,60,0
30,0.0837,6,1,0,60,0
30,0.1393,4,0,0,60,0
30,0.1206,5,0,0,60,0
30,0.0641,3,0,0,60,0
30,0.0798,8,2,0,60,0
16,0.1694,6,1,0,60,0
16,0.2267,4,0,0,60,0
16,0.2094,5,0,0,60,0
16,0.1516,3,0,0,60,0
16,0.0655,8,3,0,60,0
19,0.1278,6,1,0,60,0
19,0.1776,4,0,0,60,0
19,0.1548,5,0,0,60,0
19,0.1068,3,0,0,60,0
19,0.035,8,4,0,60,0
40,0.0849,6,1,0,60,0
40,0.1426,4,0,0,60,0
40,0.128,5,0,0,60,0
40,0.0693,3,0,0,60,0
40,0.0967,8,5,0,60,0
74,0.1005,6,2,0,60,0
74,0.1174,4,0,0,60,0
74,0.0915,5,0,0,60,0
74,0.0884,3,0,0,60,0
74,0.1352,8,5,0,60,0
9,0.1753,6,2,0,60,0
9,0.2115,4,0,0,60,0
9,0.1856,5,1,0,60,0
9,0.1558,3,0,0,60,0
9,0.0797,8,5,0,60,0
28,0.0947,6,2,0,60,0
28,0.0966,4,0,0,60,0
28,0.0722,5,1,0,60,0
28,0.0888,3,0,0,60,0
28,0.163,8,6,0,60,0
46,0.1558,6,2,0,60,0
46,0.1962,4,0,0,60,0
46,0.1709,5,2,0,60,0
46,0.1356,3,0,0,60,0
46,0.0592,8,6,0,60,0
43,0.1268,6,3,0,60,0
43,0.1545,4,0,0,60,0
43,0.1284,5,2,0,60,0
43,0.11,3,0,0,60,0
43,0.1054,8,6,0,60,0
65,0.0755,6,3,0,60,0
65,0.1325,4,1,0,60,0
65,0.1157,5,2,0,60,0
65,0.0575,3,0,0,60,0
65,0.0926,8,6,0,60,0
37,0.1425,6,3,0,60,0
37,0.2003,4,1,0,60,0
37,0.1852,5,2,0,60,0
37,0.1265,3,1,0,60,0
37,0.0817,8,6,0,60,0
47,0.0477,6,3,0,60,0
47,0.0623,4,1,0,60,0
47,0.0712,5,2,0,60,0
47,0.0663,3,1,0,60,0
47,0.1991,8,7,0,60,0
88,0.117,6,4,0,60,0
88,0.1408,4,1,0,60,0
88,0.1504,5,2,0,60,0
88,0.1277,3,1,0,60,0
88,0.2276,8,7,0,60,0
18,0.1124,6,4,0,60,0
18,0.1548,4,2,0,60,0
18,0.1301,5,2,0,60,0
18,0.0922,3,1,0,60,0
18,0.0682,8,7,0,60,0
9,0.0522,6,4,0,60,0
9,0.1085,4,2,0,60,0
9,0.0914,5,3,0,60,0
9,0.0332,3,1,0,60,0
9,0.1102,8,7,0,60,0
10,0.0273,6,4,0,60,0
10,0.0598,4,2,0,60,0
10,0.0379,5,3,0,60,0
10,0.0251,3,2,0,60,0
10,0.1523,8,7,0,60,0
15,0.17,6,5,0,60,0
15,0.2278,4,2,0,60,0
15,0.212,5,3,0,60,0
15,0.1535,3,2,0,60,0
15,0.0819,8,7,0,60,0
20,0.0622,6,5,0,60,0
20,0.1128,4,2,0,60,0
20,0.1081,5,3,0,60,0
20,0.0615,3,2,0,60,0
20,0.1521,8,8,0,60,15
40,0.1192,6,5,0,60,0
40,0.1758,4,2,0,60,0
40,0.1577,5,4,0,60,0
40,0.1005,3,2,0,60,0
40,0.0589,8,8,0,60,15
23,0.1155,6,5,0,60,0
23,0.1583,4,2,0,60,0
23,0.1337,5,4,0,60,0
23,0.0952,3,3,0,60,15
23,0.0649,8,8,0,60,15
8,0.0615,6,5,0,60,0
8,0.1176,4,3,0,60,0
8,0.1079,5,4,0,60,0
8,0.0532,3,3,0,60,15
8,0.1301,8,8,0,60,15
14,0.1552,6,6,0,60,15
14,0.1949,4,3,0,60,0
14,0.1695,5,4,0,60,0
14,0.1351,3,3,0,60,15
14,0.062,8,8,0,60,15
53,0.0668,6,6,0,60,15
53,0.059,4,3,0,60,0
53,0.035,5,5,0,60,15
53,0.0684,3,3,0,60,15
53,0.1766,8,8,0,60,15
15,0.1254,6,6,0,60,15
15,0.1682,4,4,0,60,15
15,0.1435,5,5,0,60,15
15,0.105,3,3,0,60,15
15,0.0586,8,8,0,60,15
40,0.0233,6,6,0,60,15
40,0.0811,4,4,0,60,15
40,0.0679,5,5,0,60,15
40,0.0136,3,3,0,60,15
40,0.1403,8,8,1,60,15
58,0.0912,6,6,0,60,15
58,0.1413,4,4,0,60,15
58,0.1372,5,5,0,60,15
58,0.0887,3,3,1,60,15
58,0.1541,8,8,1,60,15
23,0.1594,6,6,0,60,15
23,0.2135,4,4,0,60,15
23,0.1925,5,5,0,60,15
23,0.1392,3,3,2,60,15
23,0.0203,8,8,1,60,15
11,0.0842,6,6,0,60,15
11,0.1415,4,4,0,60,15
11,0.1297,5,5,0,60,15
11,0.0721,3,3,2,60,15
11,0.112,8,8,2,60,15
14,0.1167,6,6,0,60,15
14,0.1724,4,4,0,60,15
14,0.163,5,5,0,60,15
14,0.1068,3,3,3,60,45
14,0.1236,8,8,2,60,15
11,0.0961,6,6,1,60,15
11,0.1537,4,4,0,60,15
11,0.1409,5,5,0,60,15
11,0.0826,3,3,3,60,45
11,0.1028,8,8,2,60,15
47,0.0467,6,6,2,60,15
47,0.0948,4,4,0,60,15
47,0.0734,5,5,0,60,15
47,0.0265,3,3,3,60,45
47,0.1171,8,8,2,60,15
31,0.0634,6,6,3,60,15
31,0.117,4,4,0,60,15
31,0.11,5,5,0,60,15
31,0.0591,3,3,3,60,45
31,0.1417,8,8,2,60,15
14,0.0609,6,6,4,60,15
14,0.0925,4,4,0,60,15
14,0.0673,5,5,0,60,15
14,0.0465,3,3,3,60,45
14,0.1262,8,8,2,60,15
11,0.1017,6,6,5,60,15
11,0.1413,4,4,0,60,15
11,0.1436,5,5,0,60,15
11,0.106,3,3,3,60,45
11,0.1884,8,8,2,60,15
25,0.0603,6,6,6,60,45
25,0.0553,4,4,0,60,15
25,0.0302,5,5,0,60,15
25,0.0624,3,3,3,60,45
25,0.1743,8,8,2,60,15
66,0.0249,6,6,6,60,45
66,0.0486,4,4,0,60,15
66,0.028,5,5,1,60,15
66,0.0312,3,3,3,60,45
66,0.1633,8,8,2,60,15
23,0.0988,6,6,6,60,45
23,0.1506,4,4,0,60,15
23,0.1291,5,5,2,60,15
23,0.078,3,3,3,60,45
23,0.0617,8,8,2,60,15
62,0.0523,6,6,6,60,45
62,0.1098,4,4,0,60,15
62,0.0977,5,5,2,60,15
62,0.0408,3,3,3,60,45
62,0.1245,8,8,3,60,15
53,0.0596,6,6,6,60,45
53,0.1066,4,4,0,60,15
53,0.0842,5,5,3,60,15
53,0.0392,3,3,3,60,45
53,0.1054,8,8,3,60,15
15,0.1412,6,6,6,60,45
15,0.1889,4,4,0,60,15
15,0.1652,5,5,4,60,15
15,0.1203,3,3,3,60,45
15,0.0309,8,8,3,60,15
28,0.0626,6,6,6,60,45
28,0.0538,4,4,0,60,15
28,0.0707,5,5,4,60,15
28,0.083,3,3,3,60,45
28,0.2198,8,8,4,60,15
7,0.1388,6,6,6,60,45
7,0.1965,4,4,1,60,15
7,0.1816,5,5,4,60,15
7,0.1229,3,3,3,60,45
7,0.082,8,8,4,60,15
47,0.0722,6,6,6,60,45
47,0.02,4,4,1,60,15
47,0.0292,5,5,4,60,15
47,0.087,3,3,3,60,45
47,0.2184,8,8,5,60,15
11,0.0126,6,6,6,60,45
11,0.052,4,4,2,60,15
11,0.0363,5,5,4,60,15
11,0.0234,3,3,3,60,45
11,0.1613,8,8,5,60,15
23,0.0425,6,6,6,60,45
23,0.0566,4,4,2,60,15
23,0.0311,5,5,5,60,45
23,0.0422,3,3,3,60,45
23,0.16,8,8,5,60,15
66,0.0841,6,6,6,60,45
66,0.1112,4,4,3,60,15
66,0.0852,5,5,5,60,45
66,0.0694,3,3,3,60,45
66,0.1202,8,8,5,60,15
